CODE,DATACOUNT,SHOWTIP,COUN_ID,DIFFVALUE,month,STATVALUE,industry_class,TOWN_ID,TOWN_NA,year,SUM,ITEMCOUNT,COUN_NA,api_type
,471,True,66000,,1,836059.53,,6601100,大甲區,102,836059.53,471,臺中市,PItemStatistics
,127,True,66000,,1,644346.37,,6602200,大安區,102,644346.37,127,臺中市,PItemStatistics
,274,True,66000,,1,716360.3,,6602400,大肚區,102,716360.3,274,臺中市,PItemStatistics
,1102,True,66000,,1,1298906.38,,6602800,大里區,102,1298906.38,1102,臺中市,PItemStatistics
,602,True,66000,,1,715928.52,,6601800,大雅區,102,715928.52,602,臺中市,PItemStatistics
,176,True,66000,,1,252833.66,,6600100,中區,102,252833.66,176,臺中市,PItemStatistics
,892,True,66000,,1,1441009.02,,6602700,太平區,102,1441009.02,892,臺中市,PItemStatistics
,1356,True,66000,,1,1709076.19,,6600800,北屯區,102,1709076.19,1356,臺中市,PItemStatistics
,902,True,66000,,1,1009501.19,,6600500,北區,102,1009501.19,902,臺中市,PItemStatistics
,162,True,66000,,1,397092.39,,6602100,外埔區,102,397092.39,162,臺中市,PItemStatistics
,141,True,66000,,1,206261.54,,6602000,石岡區,102,206261.54,141,臺中市,PItemStatistics
,426,True,66000,,1,745246.17,,6601500,后里區,102,745246.17,426,臺中市,PItemStatistics
,1321,True,66000,,1,2419938.9,,6600600,西屯區,102,2419938.9,1321,臺中市,PItemStatistics
,723,True,66000,,1,676358,,6600400,西區,102,676358,723,臺中市,PItemStatistics
,492,True,66000,,1,894364.45,,6601300,沙鹿區,102,894364.45,492,臺中市,PItemStatistics
,188,True,66000,,1,235481.12,,6602900,和平區,102,235481.12,188,臺中市,PItemStatistics
,510,True,66000,,1,1052032.9,,6600200,東區,102,1052032.9,510,臺中市,PItemStatistics
,390,True,66000,,1,685480.19,,6601000,東勢區,102,685480.19,390,臺中市,PItemStatistics
,1002,True,66000,,1,1391160.8,,6600700,南屯區,102,1391160.8,1002,臺中市,PItemStatistics
,621,True,66000,,1,688261.92,,6600300,南區,102,688261.92,621,臺中市,PItemStatistics
,441,True,66000,,1,1259729.04,,6602300,烏日區,102,1259729.04,441,臺中市,PItemStatistics
,424,True,66000,,1,1022656.83,,6601600,神岡區,102,1022656.83,424,臺中市,PItemStatistics
,373,True,66000,,1,1136805.95,,6601400,梧棲區,102,1136805.95,373,臺中市,PItemStatistics
,651,True,66000,,1,1230455.92,,6601200,清水區,102,1230455.92,651,臺中市,PItemStatistics
,214,True,66000,,1,442955.84,,6601900,新社區,102,442955.84,214,臺中市,PItemStatistics
,524,True,66000,,1,538533.98,,6601700,潭子區,102,538533.98,524,臺中市,PItemStatistics
,427,True,66000,,1,1311856.68,,6602500,龍井區,102,1311856.68,427,臺中市,PItemStatistics
,908,True,66000,,1,1398633.96,,6600900,豐原區,102,1398633.96,908,臺中市,PItemStatistics
,398,True,66000,,1,683737.94,,6602600,霧峰區,102,683737.94,398,臺中市,PItemStatistics
,471,True,66000,,2,755323.43,,6601100,大甲區,102,755323.43,471,臺中市,PItemStatistics
,127,True,66000,,2,581990.27,,6602200,大安區,102,581990.27,127,臺中市,PItemStatistics
,276,True,66000,,2,647035.1,,6602400,大肚區,102,647035.1,276,臺中市,PItemStatistics
,1102,True,66000,,2,1183279.21,,6602800,大里區,102,1183279.21,1102,臺中市,PItemStatistics
,602,True,66000,,2,646849.5,,6601800,大雅區,102,646849.5,602,臺中市,PItemStatistics
,176,True,66000,,2,228365.86,,6600100,中區,102,228365.86,176,臺中市,PItemStatistics
,904,True,66000,,2,1308508.33,,6602700,太平區,102,1308508.33,904,臺中市,PItemStatistics
,1356,True,66000,,2,1543781.32,,6600800,北屯區,102,1543781.32,1356,臺中市,PItemStatistics
,902,True,66000,,2,911807.39,,6600500,北區,102,911807.39,902,臺中市,PItemStatistics
,162,True,66000,,2,358664.09,,6602100,外埔區,102,358664.09,162,臺中市,PItemStatistics
,142,True,66000,,2,186327.57,,6602000,石岡區,102,186327.57,142,臺中市,PItemStatistics
,430,True,66000,,2,673294.25,,6601500,后里區,102,673294.25,430,臺中市,PItemStatistics
,1325,True,66000,,2,2185751.1,,6600600,西屯區,102,2185751.1,1325,臺中市,PItemStatistics
,724,True,66000,,2,610942.23,,6600400,西區,102,610942.23,724,臺中市,PItemStatistics
,492,True,66000,,2,807813.05,,6601300,沙鹿區,102,807813.05,492,臺中市,PItemStatistics
,188,True,66000,,2,212720.62,,6602900,和平區,102,212720.62,188,臺中市,PItemStatistics
,510,True,66000,,2,954053.6,,6600200,東區,102,954053.6,510,臺中市,PItemStatistics
,390,True,66000,,2,619143.39,,6601000,東勢區,102,619143.39,390,臺中市,PItemStatistics
,1005,True,66000,,2,1256647.19,,6600700,南屯區,102,1256647.19,1005,臺中市,PItemStatistics
,621,True,66000,,2,621655.82,,6600300,南區,102,621655.82,621,臺中市,PItemStatistics
,441,True,66000,,2,1137819.74,,6602300,烏日區,102,1137819.74,441,臺中市,PItemStatistics
,424,True,66000,,2,923690.03,,6601600,神岡區,102,923690.03,424,臺中市,PItemStatistics
,373,True,66000,,2,1026872.77,,6601400,梧棲區,102,1026872.77,373,臺中市,PItemStatistics
,651,True,66000,,2,1111379.52,,6601200,清水區,102,1111379.52,651,臺中市,PItemStatistics
,214,True,66000,,2,400089.14,,6601900,新社區,102,400089.14,214,臺中市,PItemStatistics
,528,True,66000,,2,486566.28,,6601700,潭子區,102,486566.28,528,臺中市,PItemStatistics
,427,True,66000,,2,1184902.78,,6602500,龍井區,102,1184902.78,427,臺中市,PItemStatistics
,914,True,66000,,2,1263356.69,,6600900,豐原區,102,1263356.69,914,臺中市,PItemStatistics
,399,True,66000,,2,617569.74,,6602600,霧峰區,102,617569.74,399,臺中市,PItemStatistics
,471,True,66000,,3,720396.71,,6601100,大甲區,102,720396.71,471,臺中市,PItemStatistics
,127,True,66000,,3,555529.3,,6602200,大安區,102,555529.3,127,臺中市,PItemStatistics
,276,True,66000,,3,614722.65,,6602400,大肚區,102,614722.65,276,臺中市,PItemStatistics
,1102,True,66000,,3,1136696.86,,6602800,大里區,102,1136696.86,1102,臺中市,PItemStatistics
,602,True,66000,,3,618987.38,,6601800,大雅區,102,618987.38,602,臺中市,PItemStatistics
,178,True,66000,,3,218867.99,,6600100,中區,102,218867.99,178,臺中市,PItemStatistics
,904,True,66000,,3,1231558.31,,6602700,太平區,102,1231558.31,904,臺中市,PItemStatistics
,1356,True,66000,,3,1470601.06,,6600800,北屯區,102,1470601.06,1356,臺中市,PItemStatistics
,903,True,66000,,3,870233.67,,6600500,北區,102,870233.67,903,臺中市,PItemStatistics
,162,True,66000,,3,341420.52,,6602100,外埔區,102,341420.52,162,臺中市,PItemStatistics
,143,True,66000,,3,178018.42,,6602000,石岡區,102,178018.42,143,臺中市,PItemStatistics
,431,True,66000,,3,645893.23,,6601500,后里區,102,645893.23,431,臺中市,PItemStatistics
,1326,True,66000,,3,2098929.87,,6600600,西屯區,102,2098929.87,1326,臺中市,PItemStatistics
,724,True,66000,,3,580050.27,,6600400,西區,102,580050.27,724,臺中市,PItemStatistics
,492,True,66000,,3,769346.6,,6601300,沙鹿區,102,769346.6,492,臺中市,PItemStatistics
,189,True,66000,,3,205684.38,,6602900,和平區,102,205684.38,189,臺中市,PItemStatistics
,511,True,66000,,3,902462.07,,6600200,東區,102,902462.07,511,臺中市,PItemStatistics
,391,True,66000,,3,591935.64,,6601000,東勢區,102,591935.64,391,臺中市,PItemStatistics
,1007,True,66000,,3,1377536.58,,6600700,南屯區,102,1377536.58,1007,臺中市,PItemStatistics
,621,True,66000,,3,598672.97,,6600300,南區,102,598672.97,621,臺中市,PItemStatistics
,441,True,66000,,3,1090780.07,,6602300,烏日區,102,1090780.07,441,臺中市,PItemStatistics
,427,True,66000,,3,885867.25,,6601600,神岡區,102,885867.25,427,臺中市,PItemStatistics
,373,True,66000,,3,977419.51,,6601400,梧棲區,102,977419.51,373,臺中市,PItemStatistics
,651,True,66000,,3,1058134.15,,6601200,清水區,102,1058134.15,651,臺中市,PItemStatistics
,214,True,66000,,3,379684.84,,6601900,新社區,102,379684.84,214,臺中市,PItemStatistics
,529,True,66000,,3,468642.64,,6601700,潭子區,102,468642.64,529,臺中市,PItemStatistics
,427,True,66000,,3,1137168.55,,6602500,龍井區,102,1137168.55,427,臺中市,PItemStatistics
,914,True,66000,,3,1228111.42,,6600900,豐原區,102,1228111.42,914,臺中市,PItemStatistics
,399,True,66000,,3,590273.93,,6602600,霧峰區,102,590273.93,399,臺中市,PItemStatistics
,472,True,66000,,4,697181.8,,6601100,大甲區,102,697181.8,472,臺中市,PItemStatistics
,127,True,66000,,4,537609,,6602200,大安區,102,537609,127,臺中市,PItemStatistics
,276,True,66000,,4,594893,,6602400,大肚區,102,594893,276,臺中市,PItemStatistics
,1104,True,66000,,4,1100030,,6602800,大里區,102,1100030,1104,臺中市,PItemStatistics
,602,True,66000,,4,599020,,6601800,大雅區,102,599020,602,臺中市,PItemStatistics
,179,True,66000,,4,211808,,6600100,中區,102,211808,179,臺中市,PItemStatistics
,905,True,66000,,4,1191831,,6602700,太平區,102,1191831,905,臺中市,PItemStatistics
,1360,True,66000,,4,1423250.46,,6600800,北屯區,102,1423250.46,1360,臺中市,PItemStatistics
,903,True,66000,,4,842163,,6600500,北區,102,842163,903,臺中市,PItemStatistics
,162,True,66000,,4,330407,,6602100,外埔區,102,330407,162,臺中市,PItemStatistics
,143,True,66000,,4,172316,,6602000,石岡區,102,172316,143,臺中市,PItemStatistics
,433,True,66000,,4,625058,,6601500,后里區,102,625058,433,臺中市,PItemStatistics
,1332,True,66000,,4,2031406.65,,6600600,西屯區,102,2031406.65,1332,臺中市,PItemStatistics
,724,True,66000,,4,561340,,6600400,西區,102,561340,724,臺中市,PItemStatistics
,492,True,66000,,4,744008.44,,6601300,沙鹿區,102,744008.44,492,臺中市,PItemStatistics
,190,True,66000,,4,199119.47,,6602900,和平區,102,199119.47,190,臺中市,PItemStatistics
,513,True,66000,,4,873601.5,,6600200,東區,102,873601.5,513,臺中市,PItemStatistics
,396,True,66000,,4,572844.08,,6601000,東勢區,102,572844.08,396,臺中市,PItemStatistics
,1016,True,66000,,4,1334210.51,,6600700,南屯區,102,1334210.51,1016,臺中市,PItemStatistics
,621,True,66000,,4,579362,,6600300,南區,102,579362,621,臺中市,PItemStatistics
,443,True,66000,,4,1055594,,6602300,烏日區,102,1055594,443,臺中市,PItemStatistics
,427,True,66000,,4,857291,,6601600,神岡區,102,857291,427,臺中市,PItemStatistics
,373,True,66000,,4,945881.57,,6601400,梧棲區,102,945881.57,373,臺中市,PItemStatistics
,654,True,66000,,4,1024001,,6601200,清水區,102,1024001,654,臺中市,PItemStatistics
,214,True,66000,,4,367437,,6601900,新社區,102,367437,214,臺中市,PItemStatistics
,530,True,66000,,4,453554.13,,6601700,潭子區,102,453554.13,530,臺中市,PItemStatistics
,429,True,66000,,4,1100486,,6602500,龍井區,102,1100486,429,臺中市,PItemStatistics
,913,True,66000,,4,1188477,,6600900,豐原區,102,1188477,913,臺中市,PItemStatistics
,403,True,66000,,4,571233,,6602600,霧峰區,102,571233,403,臺中市,PItemStatistics
,472,True,66000,,5,663551.99,,6601100,大甲區,102,663551.99,472,臺中市,PItemStatistics
,127,True,66000,,5,509922.11,,6602200,大安區,102,509922.11,127,臺中市,PItemStatistics
,276,True,66000,,5,564673.16,,6602400,大肚區,102,564673.16,276,臺中市,PItemStatistics
,1111,True,66000,,5,987952.66,,6602800,大里區,102,987952.66,1111,臺中市,PItemStatistics
,604,True,66000,,5,571104.39,,6601800,大雅區,102,571104.39,604,臺中市,PItemStatistics
,179,True,66000,,5,202147.59,,6600100,中區,102,202147.59,179,臺中市,PItemStatistics
,905,True,66000,,5,1132863.6,,6602700,太平區,102,1132863.6,905,臺中市,PItemStatistics
,1363,True,66000,,5,1343799.43,,6600800,北屯區,102,1343799.43,1363,臺中市,PItemStatistics
,903,True,66000,,5,803004.93,,6600500,北區,102,803004.93,903,臺中市,PItemStatistics
,163,True,66000,,5,315923.02,,6602100,外埔區,102,315923.02,163,臺中市,PItemStatistics
,144,True,66000,,5,163931.29,,6602000,石岡區,102,163931.29,144,臺中市,PItemStatistics
,434,True,66000,,5,596604.9,,6601500,后里區,102,596604.9,434,臺中市,PItemStatistics
,1332,True,66000,,5,1942179.3,,6600600,西屯區,102,1942179.3,1332,臺中市,PItemStatistics
,724,True,66000,,5,537263.03,,6600400,西區,102,537263.03,724,臺中市,PItemStatistics
,468,True,66000,,5,708520.46,,6601300,沙鹿區,102,708520.46,468,臺中市,PItemStatistics
,190,True,66000,,5,191502.43,,6602900,和平區,102,191502.43,190,臺中市,PItemStatistics
,513,True,66000,,5,822678.36,,6600200,東區,102,822678.36,513,臺中市,PItemStatistics
,397,True,66000,,5,545313.74,,6601000,東勢區,102,545313.74,397,臺中市,PItemStatistics
,1016,True,66000,,5,1271386.01,,6600700,南屯區,102,1271386.01,1016,臺中市,PItemStatistics
,621,True,66000,,5,545228.97,,6600300,南區,102,545228.97,621,臺中市,PItemStatistics
,443,True,66000,,5,1006760.78,,6602300,烏日區,102,1006760.78,443,臺中市,PItemStatistics
,427,True,66000,,5,819906.46,,6601600,神岡區,102,819906.46,427,臺中市,PItemStatistics
,372,True,66000,,5,897492.2,,6601400,梧棲區,102,897492.2,372,臺中市,PItemStatistics
,656,True,66000,,5,972683.68,,6601200,清水區,102,972683.68,656,臺中市,PItemStatistics
,215,True,66000,,5,348710.85,,6601900,新社區,102,348710.85,215,臺中市,PItemStatistics
,539,True,66000,,5,433681.53,,6601700,潭子區,102,433681.53,539,臺中市,PItemStatistics
,431,True,66000,,5,1045619.37,,6602500,龍井區,102,1045619.37,431,臺中市,PItemStatistics
,913,True,66000,,5,1116632.24,,6600900,豐原區,102,1116632.24,913,臺中市,PItemStatistics
,405,True,66000,,5,545868.49,,6602600,霧峰區,102,545868.49,405,臺中市,PItemStatistics
,472,True,66000,,6,642147,,6601100,大甲區,102,642147,472,臺中市,PItemStatistics
,127,True,66000,,6,493473,,6602200,大安區,102,493473,127,臺中市,PItemStatistics
,277,True,66000,,6,546496,,6602400,大肚區,102,546496,277,臺中市,PItemStatistics
,1111,True,66000,,6,956084,,6602800,大里區,102,956084,1111,臺中市,PItemStatistics
,604,True,66000,,6,552705,,6601800,大雅區,102,552705,604,臺中市,PItemStatistics
,179,True,66000,,6,195627,,6600100,中區,102,195627,179,臺中市,PItemStatistics
,908,True,66000,,6,1096321.14,,6602700,太平區,102,1096321.14,908,臺中市,PItemStatistics
,1365,True,66000,,6,1300723.53,,6600800,北屯區,102,1300723.53,1365,臺中市,PItemStatistics
,903,True,66000,,6,777103,,6600500,北區,102,777103,903,臺中市,PItemStatistics
,163,True,66000,,6,305732,,6602100,外埔區,102,305732,163,臺中市,PItemStatistics
,144,True,66000,,6,158687,,6602000,石岡區,102,158687,144,臺中市,PItemStatistics
,434,True,66000,,6,577411,,6601500,后里區,102,577411,434,臺中市,PItemStatistics
,1333,True,66000,,6,1879530,,6600600,西屯區,102,1879530,1333,臺中市,PItemStatistics
,724,True,66000,,6,519933,,6600400,西區,102,519933,724,臺中市,PItemStatistics
,468,True,66000,,6,685725,,6601300,沙鹿區,102,685725,468,臺中市,PItemStatistics
,190,True,66000,,6,185325,,6602900,和平區,102,185325,190,臺中市,PItemStatistics
,514,True,66000,,6,796141,,6600200,東區,102,796141,514,臺中市,PItemStatistics
,397,True,66000,,6,527844,,6601000,東勢區,102,527844,397,臺中市,PItemStatistics
,1016,True,66000,,6,1230375,,6600700,南屯區,102,1230375,1016,臺中市,PItemStatistics
,621,True,66000,,6,527642,,6600300,南區,102,527642,621,臺中市,PItemStatistics
,443,True,66000,,6,974285,,6602300,烏日區,102,974285,443,臺中市,PItemStatistics
,427,True,66000,,6,793458,,6601600,神岡區,102,793458,427,臺中市,PItemStatistics
,372,True,66000,,6,868541,,6601400,梧棲區,102,868541,372,臺中市,PItemStatistics
,656,True,66000,,6,941307,,6601200,清水區,102,941307,656,臺中市,PItemStatistics
,215,True,66000,,6,337479,,6601900,新社區,102,337479,215,臺中市,PItemStatistics
,539,True,66000,,6,419664.8,,6601700,潭子區,102,419664.8,539,臺中市,PItemStatistics
,431,True,66000,,6,1011993,,6602500,龍井區,102,1011993,431,臺中市,PItemStatistics
,913,True,66000,,6,1077369.6,,6600900,豐原區,102,1077369.6,913,臺中市,PItemStatistics
,408,True,66000,,6,528260,,6602600,霧峰區,102,528260,408,臺中市,PItemStatistics
,473,True,66000,,7,666621.42,,6601100,大甲區,102,666621.42,473,臺中市,PItemStatistics
,127,True,66000,,7,514572.11,,6602200,大安區,102,514572.11,127,臺中市,PItemStatistics
,277,True,66000,,7,557854.19,,6602400,大肚區,102,557854.19,277,臺中市,PItemStatistics
,1113,True,66000,,7,991649.91,,6602800,大里區,102,991649.91,1113,臺中市,PItemStatistics
,604,True,66000,,7,577140.46,,6601800,大雅區,102,577140.46,604,臺中市,PItemStatistics
,179,True,66000,,7,202204.42,,6600100,中區,102,202204.42,179,臺中市,PItemStatistics
,908,True,66000,,7,1133098.15,,6602700,太平區,102,1133098.15,908,臺中市,PItemStatistics
,1366,True,66000,,7,1344194.45,,6600800,北屯區,102,1344194.45,1366,臺中市,PItemStatistics
,903,True,66000,,7,803400.69,,6600500,北區,102,803400.69,903,臺中市,PItemStatistics
,163,True,66000,,7,317419.29,,6602100,外埔區,102,317419.29,163,臺中市,PItemStatistics
,145,True,66000,,7,163170.85,,6602000,石岡區,102,163170.85,145,臺中市,PItemStatistics
,434,True,66000,,7,571900.84,,6601500,后里區,102,571900.84,434,臺中市,PItemStatistics
,1335,True,66000,,7,1943980.96,,6600600,西屯區,102,1943980.96,1335,臺中市,PItemStatistics
,724,True,66000,,7,537303.33,,6600400,西區,102,537303.33,724,臺中市,PItemStatistics
,468,True,66000,,7,708582.46,,6601300,沙鹿區,102,708582.46,468,臺中市,PItemStatistics
,190,True,66000,,7,196378.72,,6602900,和平區,102,196378.72,190,臺中市,PItemStatistics
,514,True,66000,,7,823082.41,,6600200,東區,102,823082.41,514,臺中市,PItemStatistics
,397,True,66000,,7,542561.88,,6601000,東勢區,102,542561.88,397,臺中市,PItemStatistics
,1020,True,66000,,7,1263258.17,,6600700,南屯區,102,1263258.17,1020,臺中市,PItemStatistics
,622,True,66000,,7,546663.24,,6600300,南區,102,546663.24,622,臺中市,PItemStatistics
,443,True,66000,,7,1007128.64,,6602300,烏日區,102,1007128.64,443,臺中市,PItemStatistics
,428,True,66000,,7,794655.13,,6601600,神岡區,102,794655.13,428,臺中市,PItemStatistics
,372,True,66000,,7,898970.91,,6601400,梧棲區,102,898970.91,372,臺中市,PItemStatistics
,656,True,66000,,7,974723.48,,6601200,清水區,102,974723.48,656,臺中市,PItemStatistics
,217,True,66000,,7,351213.37,,6601900,新社區,102,351213.37,217,臺中市,PItemStatistics
,538,True,66000,,7,434480.61,,6601700,潭子區,102,434480.61,538,臺中市,PItemStatistics
,438,True,66000,,7,1045851.58,,6602500,龍井區,102,1045851.58,438,臺中市,PItemStatistics
,906,True,66000,,7,1045825.25,,6600900,豐原區,102,1045825.25,906,臺中市,PItemStatistics
,408,True,66000,,7,547562.11,,6602600,霧峰區,102,547562.11,408,臺中市,PItemStatistics
,473,True,66000,,8,666659.22,,6601100,大甲區,102,666659.22,473,臺中市,PItemStatistics
,127,True,66000,,8,514572.11,,6602200,大安區,102,514572.11,127,臺中市,PItemStatistics
,276,True,66000,,8,557854.19,,6602400,大肚區,102,557854.19,276,臺中市,PItemStatistics
,1117,True,66000,,8,1009225.74,,6602800,大里區,102,1009225.74,1117,臺中市,PItemStatistics
,606,True,66000,,8,577213.63,,6601800,大雅區,102,577213.63,606,臺中市,PItemStatistics
,179,True,66000,,8,202204.42,,6600100,中區,102,202204.42,179,臺中市,PItemStatistics
,908,True,66000,,8,1133098.15,,6602700,太平區,102,1133098.15,908,臺中市,PItemStatistics
,1376,True,66000,,8,1344384.69,,6600800,北屯區,102,1344384.69,1376,臺中市,PItemStatistics
,904,True,66000,,8,803400.69,,6600500,北區,102,803400.69,904,臺中市,PItemStatistics
,163,True,66000,,8,317419.29,,6602100,外埔區,102,317419.29,163,臺中市,PItemStatistics
,145,True,66000,,8,163205.65,,6602000,石岡區,102,163205.65,145,臺中市,PItemStatistics
,432,True,66000,,8,571385.74,,6601500,后里區,102,571385.74,432,臺中市,PItemStatistics
,1346,True,66000,,8,1944456.33,,6600600,西屯區,102,1944456.33,1346,臺中市,PItemStatistics
,727,True,66000,,8,537416.73,,6600400,西區,102,537416.73,727,臺中市,PItemStatistics
,469,True,66000,,8,708582.46,,6601300,沙鹿區,102,708582.46,469,臺中市,PItemStatistics
,190,True,66000,,8,196378.72,,6602900,和平區,102,196378.72,190,臺中市,PItemStatistics
,520,True,66000,,8,823244.41,,6600200,東區,102,823244.41,520,臺中市,PItemStatistics
,397,True,66000,,8,542561.88,,6601000,東勢區,102,542561.88,397,臺中市,PItemStatistics
,1020,True,66000,,8,1263393.17,,6600700,南屯區,102,1263393.17,1020,臺中市,PItemStatistics
,625,True,66000,,8,546760.44,,6600300,南區,102,546760.44,625,臺中市,PItemStatistics
,444,True,66000,,8,1007179.94,,6602300,烏日區,102,1007179.94,444,臺中市,PItemStatistics
,428,True,66000,,8,794755.13,,6601600,神岡區,102,794755.13,428,臺中市,PItemStatistics
,372,True,66000,,8,898970.91,,6601400,梧棲區,102,898970.91,372,臺中市,PItemStatistics
,659,True,66000,,8,974723.48,,6601200,清水區,102,974723.48,659,臺中市,PItemStatistics
,217,True,66000,,8,351213.37,,6601900,新社區,102,351213.37,217,臺中市,PItemStatistics
,538,True,66000,,8,434480.61,,6601700,潭子區,102,434480.61,538,臺中市,PItemStatistics
,441,True,66000,,8,1046035.22,,6602500,龍井區,102,1046035.22,441,臺中市,PItemStatistics
,908,True,66000,,8,1045898.95,,6600900,豐原區,102,1045898.95,908,臺中市,PItemStatistics
,409,True,66000,,8,547562.11,,6602600,霧峰區,102,547562.11,409,臺中市,PItemStatistics
,473,True,66000,,9,701377,,6601100,大甲區,102,701377,473,臺中市,PItemStatistics
,127,True,66000,,9,540558,,6602200,大安區,102,540558,127,臺中市,PItemStatistics
,276,True,66000,,9,593597.67,,6602400,大肚區,102,593597.67,276,臺中市,PItemStatistics
,1119,True,66000,,9,1059257.07,,6602800,大里區,102,1059257.07,1119,臺中市,PItemStatistics
,606,True,66000,,9,612070,,6601800,大雅區,102,612070,606,臺中市,PItemStatistics
,179,True,66000,,9,212701,,6600100,中區,102,212701,179,臺中市,PItemStatistics
,910,True,66000,,9,1202324.2,,6602700,太平區,102,1202324.2,910,臺中市,PItemStatistics
,1378,True,66000,,9,1407517,,6600800,北屯區,102,1407517,1378,臺中市,PItemStatistics
,907,True,66000,,9,839403,,6600500,北區,102,839403,907,臺中市,PItemStatistics
,163,True,66000,,9,334029,,6602100,外埔區,102,334029,163,臺中市,PItemStatistics
,145,True,66000,,9,170644,,6602000,石岡區,102,170644,145,臺中市,PItemStatistics
,442,True,66000,,9,608823.2,,6601500,后里區,102,608823.2,442,臺中市,PItemStatistics
,1348,True,66000,,9,2038784.5,,6600600,西屯區,102,2038784.5,1348,臺中市,PItemStatistics
,729,True,66000,,9,560096,,6600400,西區,102,560096,729,臺中市,PItemStatistics
,467,True,66000,,9,753955.27,,6601300,沙鹿區,102,753955.27,467,臺中市,PItemStatistics
,190,True,66000,,9,207229,,6602900,和平區,102,207229,190,臺中市,PItemStatistics
,521,True,66000,,9,867715,,6600200,東區,102,867715,521,臺中市,PItemStatistics
,397,True,66000,,9,561224,,6601000,東勢區,102,561224,397,臺中市,PItemStatistics
,1023,True,66000,,9,1321156,,6600700,南屯區,102,1321156,1023,臺中市,PItemStatistics
,626,True,66000,,9,571206,,6600300,南區,102,571206,626,臺中市,PItemStatistics
,444,True,66000,,9,1005521,,6602300,烏日區,102,1005521,444,臺中市,PItemStatistics
,428,True,66000,,9,835623,,6601600,神岡區,102,835623,428,臺中市,PItemStatistics
,371,True,66000,,9,916685.67,,6601400,梧棲區,102,916685.67,371,臺中市,PItemStatistics
,661,True,66000,,9,1025766.5,,6601200,清水區,102,1025766.5,661,臺中市,PItemStatistics
,217,True,66000,,9,370165,,6601900,新社區,102,370165,217,臺中市,PItemStatistics
,538,True,66000,,9,454246,,6601700,潭子區,102,454246,538,臺中市,PItemStatistics
,441,True,66000,,9,995142,,6602500,龍井區,102,995142,441,臺中市,PItemStatistics
,919,True,66000,,9,1100216,,6600900,豐原區,102,1100216,919,臺中市,PItemStatistics
,409,True,66000,,9,574761,,6602600,霧峰區,102,574761,409,臺中市,PItemStatistics
,473,True,66000,,10,724756.02,,6601100,大甲區,102,724756.02,473,臺中市,PItemStatistics
,127,True,66000,,10,558576.59,,6602200,大安區,102,558576.59,127,臺中市,PItemStatistics
,276,True,66000,,10,613471.32,,6602400,大肚區,102,613471.32,276,臺中市,PItemStatistics
,1128,True,66000,,10,1095407.05,,6602800,大里區,102,1095407.05,1128,臺中市,PItemStatistics
,610,True,66000,,10,632472.22,,6601800,大雅區,102,632472.22,610,臺中市,PItemStatistics
,180,True,66000,,10,219825.19,,6600100,中區,102,219825.19,180,臺中市,PItemStatistics
,916,True,66000,,10,1242803.7,,6602700,太平區,102,1242803.7,916,臺中市,PItemStatistics
,1389,True,66000,,10,1455287.93,,6600800,北屯區,102,1455287.93,1389,臺中市,PItemStatistics
,910,True,66000,,10,867558.34,,6600500,北區,102,867558.34,910,臺中市,PItemStatistics
,163,True,66000,,10,345163.27,,6602100,外埔區,102,345163.27,163,臺中市,PItemStatistics
,145,True,66000,,10,176332.09,,6602000,石岡區,102,176332.09,145,臺中市,PItemStatistics
,445,True,66000,,10,629871.82,,6601500,后里區,102,629871.82,445,臺中市,PItemStatistics
,1366,True,66000,,10,2112146.8,,6600600,西屯區,102,2112146.8,1366,臺中市,PItemStatistics
,732,True,66000,,10,578888.23,,6600400,西區,102,578888.23,732,臺中市,PItemStatistics
,468,True,66000,,10,779419.41,,6601300,沙鹿區,102,779419.41,468,臺中市,PItemStatistics
,190,True,66000,,10,214136.57,,6602900,和平區,102,214136.57,190,臺中市,PItemStatistics
,522,True,66000,,10,896707.54,,6600200,東區,102,896707.54,522,臺中市,PItemStatistics
,398,True,66000,,10,582288.88,,6601000,東勢區,102,582288.88,398,臺中市,PItemStatistics
,1031,True,66000,,10,1365678.66,,6600700,南屯區,102,1365678.66,1031,臺中市,PItemStatistics
,628,True,66000,,10,590245.89,,6600300,南區,102,590245.89,628,臺中市,PItemStatistics
,444,True,66000,,10,1039038.19,,6602300,烏日區,102,1039038.19,444,臺中市,PItemStatistics
,429,True,66000,,10,863476.91,,6601600,神岡區,102,863476.91,429,臺中市,PItemStatistics
,363,True,66000,,10,947328.95,,6601400,梧棲區,102,947328.95,363,臺中市,PItemStatistics
,660,True,66000,,10,1060092.05,,6601200,清水區,102,1060092.05,660,臺中市,PItemStatistics
,217,True,66000,,10,382503.8,,6601900,新社區,102,382503.8,217,臺中市,PItemStatistics
,541,True,66000,,10,469605.75,,6601700,潭子區,102,469605.75,541,臺中市,PItemStatistics
,442,True,66000,,10,1028313.3,,6602500,龍井區,102,1028313.3,442,臺中市,PItemStatistics
,924,True,66000,,10,1136976.54,,6600900,豐原區,102,1136976.54,924,臺中市,PItemStatistics
,410,True,66000,,10,593919.61,,6602600,霧峰區,102,593919.61,410,臺中市,PItemStatistics
,473,True,66000,,11,815465,,6601100,大甲區,102,815465,473,臺中市,PItemStatistics
,128,True,66000,,11,631595.47,,6602200,大安區,102,631595.47,128,臺中市,PItemStatistics
,276,True,66000,,11,692601,,6602400,大肚區,102,692601,276,臺中市,PItemStatistics
,1125,True,66000,,11,1231497,,6602800,大里區,102,1231497,1125,臺中市,PItemStatistics
,615,True,66000,,11,711343.4,,6601800,大雅區,102,711343.4,615,臺中市,PItemStatistics
,180,True,66000,,11,245752,,6600100,中區,102,245752,180,臺中市,PItemStatistics
,930,True,66000,,11,1398302.54,,6602700,太平區,102,1398302.54,930,臺中市,PItemStatistics
,1401,True,66000,,11,1636722.4,,6600800,北屯區,102,1636722.4,1401,臺中市,PItemStatistics
,910,True,66000,,11,968367,,6600500,北區,102,968367,910,臺中市,PItemStatistics
,163,True,66000,,11,389245,,6602100,外埔區,102,389245,163,臺中市,PItemStatistics
,147,True,66000,,11,198028,,6602000,石岡區,102,198028,147,臺中市,PItemStatistics
,448,True,66000,,11,708175.73,,6601500,后里區,102,708175.73,448,臺中市,PItemStatistics
,1378,True,66000,,11,2367066.3,,6600600,西屯區,102,2367066.3,1378,臺中市,PItemStatistics
,734,True,66000,,11,644882,,6600400,西區,102,644882,734,臺中市,PItemStatistics
,468,True,66000,,11,872526,,6601300,沙鹿區,102,872526,468,臺中市,PItemStatistics
,190,True,66000,,11,241699,,6602900,和平區,102,241699,190,臺中市,PItemStatistics
,523,True,66000,,11,1008573,,6600200,東區,102,1008573,523,臺中市,PItemStatistics
,398,True,66000,,11,645557,,6601000,東勢區,102,645557,398,臺中市,PItemStatistics
,1035,True,66000,,11,1529723.1,,6600700,南屯區,102,1529723.1,1035,臺中市,PItemStatistics
,632,True,66000,,11,659421,,6600300,南區,102,659421,632,臺中市,PItemStatistics
,445,True,66000,,11,1175904,,6602300,烏日區,102,1175904,445,臺中市,PItemStatistics
,431,True,66000,,11,978291,,6601600,神岡區,102,978291,431,臺中市,PItemStatistics
,365,True,66000,,11,1077411,,6601400,梧棲區,102,1077411,365,臺中市,PItemStatistics
,660,True,66000,,11,1193372,,6601200,清水區,102,1193372,660,臺中市,PItemStatistics
,217,True,66000,,11,436524,,6601900,新社區,102,436524,217,臺中市,PItemStatistics
,541,True,66000,,11,527193,,6601700,潭子區,102,527193,541,臺中市,PItemStatistics
,444,True,66000,,11,1162373,,6602500,龍井區,102,1162373,444,臺中市,PItemStatistics
,925,True,66000,,11,1275160,,6600900,豐原區,102,1275160,925,臺中市,PItemStatistics
,404,True,66000,,11,697870,,6602600,霧峰區,102,697870,404,臺中市,PItemStatistics
,473,True,66000,,12,842646.94,,6601100,大甲區,102,842646.94,473,臺中市,PItemStatistics
,128,True,66000,,12,652684.32,,6602200,大安區,102,652684.32,128,臺中市,PItemStatistics
,279,True,66000,,12,715751.76,,6602400,大肚區,102,715751.76,279,臺中市,PItemStatistics
,1136,True,66000,,12,1273486.57,,6602800,大里區,102,1273486.57,1136,臺中市,PItemStatistics
,615,True,66000,,12,735123.53,,6601800,大雅區,102,735123.53,615,臺中市,PItemStatistics
,180,True,66000,,12,253943.7,,6600100,中區,102,253943.7,180,臺中市,PItemStatistics
,932,True,66000,,12,1445211.66,,6602700,太平區,102,1445211.66,932,臺中市,PItemStatistics
,1406,True,66000,,12,1692228.19,,6600800,北屯區,102,1692228.19,1406,臺中市,PItemStatistics
,911,True,66000,,12,1000645.63,,6600500,北區,102,1000645.63,911,臺中市,PItemStatistics
,165,True,66000,,12,402283.95,,6602100,外埔區,102,402283.95,165,臺中市,PItemStatistics
,147,True,66000,,12,204628.88,,6602000,石岡區,102,204628.88,147,臺中市,PItemStatistics
,448,True,66000,,12,731875.77,,6601500,后里區,102,731875.77,448,臺中市,PItemStatistics
,1382,True,66000,,12,2446710.51,,6600600,西屯區,102,2446710.51,1382,臺中市,PItemStatistics
,736,True,66000,,12,666402.43,,6600400,西區,102,666402.43,736,臺中市,PItemStatistics
,468,True,66000,,12,901610.04,,6601300,沙鹿區,102,901610.04,468,臺中市,PItemStatistics
,191,True,66000,,12,249755.57,,6602900,和平區,102,249755.57,191,臺中市,PItemStatistics
,524,True,66000,,12,1042191.78,,6600200,東區,102,1042191.78,524,臺中市,PItemStatistics
,401,True,66000,,12,669312.8,,6601000,東勢區,102,669312.8,401,臺中市,PItemStatistics
,1041,True,66000,,12,1580740.17,,6600700,南屯區,102,1580740.17,1041,臺中市,PItemStatistics
,632,True,66000,,12,681401.38,,6600300,南區,102,681401.38,632,臺中市,PItemStatistics
,461,True,66000,,12,1215135.09,,6602300,烏日區,102,1215135.09,461,臺中市,PItemStatistics
,431,True,66000,,12,1010900.51,,6601600,神岡區,102,1010900.51,431,臺中市,PItemStatistics
,365,True,66000,,12,1113324.59,,6601400,梧棲區,102,1113324.59,365,臺中市,PItemStatistics
,662,True,66000,,12,1233182.65,,6601200,清水區,102,1233182.65,662,臺中市,PItemStatistics
,217,True,66000,,12,451074.76,,6601900,新社區,102,451074.76,217,臺中市,PItemStatistics
,542,True,66000,,12,544765.8,,6601700,潭子區,102,544765.8,542,臺中市,PItemStatistics
,446,True,66000,,12,1201141.01,,6602500,龍井區,102,1201141.01,446,臺中市,PItemStatistics
,925,True,66000,,12,1318088.66,,6600900,豐原區,102,1318088.66,925,臺中市,PItemStatistics
,409,True,66000,,12,721477.86,,6602600,霧峰區,102,721477.86,409,臺中市,PItemStatistics
,484,True,66000,,1,510947.6,,6601100,大甲區,103,510947.6,484,臺中市,PItemStatistics
,135,True,66000,,1,855438.85,,6602200,大安區,103,855438.85,135,臺中市,PItemStatistics
,281,True,66000,,1,738206.87,,6602400,大肚區,103,738206.87,281,臺中市,PItemStatistics
,1027,True,66000,,1,1286107.72,,6602800,大里區,103,1286107.72,1027,臺中市,PItemStatistics
,614,True,66000,,1,732733.55,,6601800,大雅區,103,732733.55,614,臺中市,PItemStatistics
,180,True,66000,,1,254599.61,,6600100,中區,103,254599.61,180,臺中市,PItemStatistics
,950,True,66000,,1,1453135.2,,6602700,太平區,103,1453135.2,950,臺中市,PItemStatistics
,1409,True,66000,,1,1741231.64,,6600800,北屯區,103,1741231.64,1409,臺中市,PItemStatistics
,914,True,66000,,1,1004007.09,,6600500,北區,103,1004007.09,914,臺中市,PItemStatistics
,168,True,66000,,1,392555.86,,6602100,外埔區,103,392555.86,168,臺中市,PItemStatistics
,154,True,66000,,1,236056.66,,6602000,石岡區,103,236056.66,154,臺中市,PItemStatistics
,451,True,66000,,1,735708.45,,6601500,后里區,103,735708.45,451,臺中市,PItemStatistics
,1384,True,66000,,1,2467740.85,,6600600,西屯區,103,2467740.85,1384,臺中市,PItemStatistics
,735,True,66000,,1,668746.41,,6600400,西區,103,668746.41,735,臺中市,PItemStatistics
,472,True,66000,,1,867943.48,,6601300,沙鹿區,103,867943.48,472,臺中市,PItemStatistics
,190,True,66000,,1,251695.13,,6602900,和平區,103,251695.13,190,臺中市,PItemStatistics
,521,True,66000,,1,1041087.85,,6600200,東區,103,1041087.85,521,臺中市,PItemStatistics
,409,True,66000,,1,657942.97,,6601000,東勢區,103,657942.97,409,臺中市,PItemStatistics
,1049,True,66000,,1,1573093.99,,6600700,南屯區,103,1573093.99,1049,臺中市,PItemStatistics
,630,True,66000,,1,684575.99,,6600300,南區,103,684575.99,630,臺中市,PItemStatistics
,464,True,66000,,1,1217263,,6602300,烏日區,103,1217263,464,臺中市,PItemStatistics
,431,True,66000,,1,1012619,,6601600,神岡區,103,1012619,431,臺中市,PItemStatistics
,375,True,66000,,1,1117012.85,,6601400,梧棲區,103,1117012.85,375,臺中市,PItemStatistics
,668,True,66000,,1,1233810.48,,6601200,清水區,103,1233810.48,668,臺中市,PItemStatistics
,222,True,66000,,1,447666.55,,6601900,新社區,103,447666.55,222,臺中市,PItemStatistics
,541,True,66000,,1,559612.11,,6601700,潭子區,103,559612.11,541,臺中市,PItemStatistics
,447,True,66000,,1,1202974.32,,6602500,龍井區,103,1202974.32,447,臺中市,PItemStatistics
,933,True,66000,,1,1323283.77,,6600900,豐原區,103,1323283.77,933,臺中市,PItemStatistics
,419,True,66000,,1,724489.4,,6602600,霧峰區,103,724489.4,419,臺中市,PItemStatistics
,484,True,66000,,2,461524.1,,6601100,大甲區,103,461524.1,484,臺中市,PItemStatistics
,135,True,66000,,2,772654.45,,6602200,大安區,103,772654.45,135,臺中市,PItemStatistics
,287,True,66000,,2,666848.23,,6602400,大肚區,103,666848.23,287,臺中市,PItemStatistics
,1028,True,66000,,2,1163808.68,,6602800,大里區,103,1163808.68,1028,臺中市,PItemStatistics
,621,True,66000,,2,661987.92,,6601800,大雅區,103,661987.92,621,臺中市,PItemStatistics
,182,True,66000,,2,230019.17,,6600100,中區,103,230019.17,182,臺中市,PItemStatistics
,974,True,66000,,2,1314047.26,,6602700,太平區,103,1314047.26,974,臺中市,PItemStatistics
,1414,True,66000,,2,1572874.53,,6600800,北屯區,103,1572874.53,1414,臺中市,PItemStatistics
,919,True,66000,,2,907066.73,,6600500,北區,103,907066.73,919,臺中市,PItemStatistics
,169,True,66000,,2,354622.02,,6602100,外埔區,103,354622.02,169,臺中市,PItemStatistics
,155,True,66000,,2,213238.53,,6602000,石岡區,103,213238.53,155,臺中市,PItemStatistics
,460,True,66000,,2,664796.12,,6601500,后里區,103,664796.12,460,臺中市,PItemStatistics
,1389,True,66000,,2,2229018.28,,6600600,西屯區,103,2229018.28,1389,臺中市,PItemStatistics
,735,True,66000,,2,604028.91,,6600400,西區,103,604028.91,735,臺中市,PItemStatistics
,475,True,66000,,2,784065.28,,6601300,沙鹿區,103,784065.28,475,臺中市,PItemStatistics
,192,True,66000,,2,227394.26,,6602900,和平區,103,227394.26,192,臺中市,PItemStatistics
,523,True,66000,,2,940366.48,,6600200,東區,103,940366.48,523,臺中市,PItemStatistics
,410,True,66000,,2,594297.14,,6601000,東勢區,103,594297.14,410,臺中市,PItemStatistics
,1052,True,66000,,2,1421150.1,,6600700,南屯區,103,1421150.1,1052,臺中市,PItemStatistics
,630,True,66000,,2,618326.59,,6600300,南區,103,618326.59,630,臺中市,PItemStatistics
,471,True,66000,,2,1099919.88,,6602300,烏日區,103,1099919.88,471,臺中市,PItemStatistics
,439,True,66000,,2,914841.34,,6601600,神岡區,103,914841.34,439,臺中市,PItemStatistics
,375,True,66000,,2,1009205.65,,6601400,梧棲區,103,1009205.65,375,臺中市,PItemStatistics
,669,True,66000,,2,1114648.02,,6601200,清水區,103,1114648.02,669,臺中市,PItemStatistics
,224,True,66000,,2,404419.34,,6601900,新社區,103,404419.34,224,臺中市,PItemStatistics
,552,True,66000,,2,505532.7,,6601700,潭子區,103,505532.7,552,臺中市,PItemStatistics
,450,True,66000,,2,1086705.12,,6602500,龍井區,103,1086705.12,450,臺中市,PItemStatistics
,945,True,66000,,2,1195647.33,,6600900,豐原區,103,1195647.33,945,臺中市,PItemStatistics
,425,True,66000,,2,655325.62,,6602600,霧峰區,103,655325.62,425,臺中市,PItemStatistics
,489,True,66000,,3,452605.04,,6601100,大甲區,103,452605.04,489,臺中市,PItemStatistics
,140,True,66000,,3,734422.89,,6602200,大安區,103,734422.89,140,臺中市,PItemStatistics
,290,True,66000,,3,634968.65,,6602400,大肚區,103,634968.65,290,臺中市,PItemStatistics
,1052,True,66000,,3,1119490.25,,6602800,大里區,103,1119490.25,1052,臺中市,PItemStatistics
,625,True,66000,,3,512739.15,,6601800,大雅區,103,512739.15,625,臺中市,PItemStatistics
,182,True,66000,,3,222641.71,,6600100,中區,103,222641.71,182,臺中市,PItemStatistics
,987,True,66000,,3,1259386.28,,6602700,太平區,103,1259386.28,987,臺中市,PItemStatistics
,1416,True,66000,,3,1550317.35,,6600800,北屯區,103,1550317.35,1416,臺中市,PItemStatistics
,919,True,66000,,3,869117.58,,6600500,北區,103,869117.58,919,臺中市,PItemStatistics
,170,True,66000,,3,338800.23,,6602100,外埔區,103,338800.23,170,臺中市,PItemStatistics
,153,True,66000,,3,185641.36,,6602000,石岡區,103,185641.36,153,臺中市,PItemStatistics
,460,True,66000,,3,635896.7,,6601500,后里區,103,635896.7,460,臺中市,PItemStatistics
,1389,True,66000,,3,2119141.76,,6600600,西屯區,103,2119141.76,1389,臺中市,PItemStatistics
,739,True,66000,,3,580886.16,,6600400,西區,103,580886.16,739,臺中市,PItemStatistics
,477,True,66000,,3,747610.28,,6601300,沙鹿區,103,747610.28,477,臺中市,PItemStatistics
,192,True,66000,,3,218514.79,,6602900,和平區,103,218514.79,192,臺中市,PItemStatistics
,523,True,66000,,3,896279.65,,6600200,東區,103,896279.65,523,臺中市,PItemStatistics
,410,True,66000,,3,515196.36,,6601000,東勢區,103,515196.36,410,臺中市,PItemStatistics
,1061,True,66000,,3,1362722.14,,6600700,南屯區,103,1362722.14,1061,臺中市,PItemStatistics
,631,True,66000,,3,594570.6,,6600300,南區,103,594570.6,631,臺中市,PItemStatistics
,472,True,66000,,3,1052543.68,,6602300,烏日區,103,1052543.68,472,臺中市,PItemStatistics
,439,True,66000,,3,861716.13,,6601600,神岡區,103,861716.13,439,臺中市,PItemStatistics
,375,True,66000,,3,961431.27,,6601400,梧棲區,103,961431.27,375,臺中市,PItemStatistics
,669,True,66000,,3,1089264.32,,6601200,清水區,103,1089264.32,669,臺中市,PItemStatistics
,224,True,66000,,3,383653.78,,6601900,新社區,103,383653.78,224,臺中市,PItemStatistics
,556,True,66000,,3,486604.14,,6601700,潭子區,103,486604.14,556,臺中市,PItemStatistics
,506,True,66000,,3,1036038.31,,6602500,龍井區,103,1036038.31,506,臺中市,PItemStatistics
,948,True,66000,,3,1145054.08,,6600900,豐原區,103,1145054.08,948,臺中市,PItemStatistics
,426,True,66000,,3,629783.47,,6602600,霧峰區,103,629783.47,426,臺中市,PItemStatistics
,489,True,66000,,4,438037,,6601100,大甲區,103,438037,489,臺中市,PItemStatistics
,140,True,66000,,4,710764,,6602200,大安區,103,710764,140,臺中市,PItemStatistics
,292,True,66000,,4,614663,,6602400,大肚區,103,614663,292,臺中市,PItemStatistics
,1055,True,66000,,4,1085401.37,,6602800,大里區,103,1085401.37,1055,臺中市,PItemStatistics
,625,True,66000,,4,496334,,6601800,大雅區,103,496334,625,臺中市,PItemStatistics
,182,True,66000,,4,215460,,6600100,中區,103,215460,182,臺中市,PItemStatistics
,1000,True,66000,,4,1220369.95,,6602700,太平區,103,1220369.95,1000,臺中市,PItemStatistics
,1418,True,66000,,4,1500377.6,,6600800,北屯區,103,1500377.6,1418,臺中市,PItemStatistics
,921,True,66000,,4,841083,,6600500,北區,103,841083,921,臺中市,PItemStatistics
,171,True,66000,,4,327897,,6602100,外埔區,103,327897,171,臺中市,PItemStatistics
,153,True,66000,,4,179653,,6602000,石岡區,103,179653,153,臺中市,PItemStatistics
,460,True,66000,,4,615384,,6601500,后里區,103,615384,460,臺中市,PItemStatistics
,1394,True,66000,,4,2050821,,6600600,西屯區,103,2050821,1394,臺中市,PItemStatistics
,741,True,66000,,4,562339.93,,6600400,西區,103,562339.93,741,臺中市,PItemStatistics
,477,True,66000,,4,723528,,6601300,沙鹿區,103,723528,477,臺中市,PItemStatistics
,192,True,66000,,4,211466,,6602900,和平區,103,211466,192,臺中市,PItemStatistics
,524,True,66000,,4,867368,,6600200,東區,103,867368,524,臺中市,PItemStatistics
,410,True,66000,,4,497581.97,,6601000,東勢區,103,497581.97,410,臺中市,PItemStatistics
,1068,True,66000,,4,1319137.94,,6600700,南屯區,103,1319137.94,1068,臺中市,PItemStatistics
,633,True,66000,,4,575392,,6600300,南區,103,575392,633,臺中市,PItemStatistics
,475,True,66000,,4,1018591,,6602300,烏日區,103,1018591,475,臺中市,PItemStatistics
,439,True,66000,,4,833919,,6601600,神岡區,103,833919,439,臺中市,PItemStatistics
,375,True,66000,,4,930514,,6601400,梧棲區,103,930514,375,臺中市,PItemStatistics
,674,True,66000,,4,1054172.99,,6601200,清水區,103,1054172.99,674,臺中市,PItemStatistics
,224,True,66000,,4,371278,,6601900,新社區,103,371278,224,臺中市,PItemStatistics
,556,True,66000,,4,471011,,6601700,潭子區,103,471011,556,臺中市,PItemStatistics
,518,True,66000,,4,1003307.33,,6602500,龍井區,103,1003307.33,518,臺中市,PItemStatistics
,952,True,66000,,4,1108239.73,,6600900,豐原區,103,1108239.73,952,臺中市,PItemStatistics
,430,True,66000,,4,609555.4,,6602600,霧峰區,103,609555.4,430,臺中市,PItemStatistics
,490,True,66000,,5,418820.43,,6601100,大甲區,103,418820.43,490,臺中市,PItemStatistics
,140,True,66000,,5,673243.58,,6602200,大安區,103,673243.58,140,臺中市,PItemStatistics
,292,True,66000,,5,584140.12,,6602400,大肚區,103,584140.12,292,臺中市,PItemStatistics
,1057,True,66000,,5,1035947.41,,6602800,大里區,103,1035947.41,1057,臺中市,PItemStatistics
,625,True,66000,,5,474872.45,,6601800,大雅區,103,474872.45,625,臺中市,PItemStatistics
,182,True,66000,,5,201671.25,,6600100,中區,103,201671.25,182,臺中市,PItemStatistics
,1004,True,66000,,5,1161878.73,,6602700,太平區,103,1161878.73,1004,臺中市,PItemStatistics
,1421,True,66000,,5,1430884.81,,6600800,北屯區,103,1430884.81,1421,臺中市,PItemStatistics
,922,True,66000,,5,794426.16,,6600500,北區,103,794426.16,922,臺中市,PItemStatistics
,172,True,66000,,5,308848.8,,6602100,外埔區,103,308848.8,172,臺中市,PItemStatistics
,154,True,66000,,5,171083.73,,6602000,石岡區,103,171083.73,154,臺中市,PItemStatistics
,460,True,66000,,5,586616,,6601500,后里區,103,586616,460,臺中市,PItemStatistics
,1397,True,66000,,5,1946970.83,,6600600,西屯區,103,1946970.83,1397,臺中市,PItemStatistics
,741,True,66000,,5,535183.92,,6600400,西區,103,535183.92,741,臺中市,PItemStatistics
,477,True,66000,,5,688221.64,,6601300,沙鹿區,103,688221.64,477,臺中市,PItemStatistics
,192,True,66000,,5,201543.31,,6602900,和平區,103,201543.31,192,臺中市,PItemStatistics
,524,True,66000,,5,824376.16,,6600200,東區,103,824376.16,524,臺中市,PItemStatistics
,410,True,66000,,5,473420.61,,6601000,東勢區,103,473420.61,410,臺中市,PItemStatistics
,1070,True,66000,,5,1258533.34,,6600700,南屯區,103,1258533.34,1070,臺中市,PItemStatistics
,634,True,66000,,5,549568.92,,6600300,南區,103,549568.92,634,臺中市,PItemStatistics
,475,True,66000,,5,968403.47,,6602300,烏日區,103,968403.47,475,臺中市,PItemStatistics
,439,True,66000,,5,709209.56,,6601600,神岡區,103,709209.56,439,臺中市,PItemStatistics
,375,True,66000,,5,884491.8,,6601400,梧棲區,103,884491.8,375,臺中市,PItemStatistics
,676,True,66000,,5,1001331.77,,6601200,清水區,103,1001331.77,676,臺中市,PItemStatistics
,224,True,66000,,5,352064.8,,6601900,新社區,103,352064.8,224,臺中市,PItemStatistics
,556,True,66000,,5,457510.48,,6601700,潭子區,103,457510.48,556,臺中市,PItemStatistics
,518,True,66000,,5,888158.04,,6602500,龍井區,103,888158.04,518,臺中市,PItemStatistics
,952,True,66000,,5,1053793.17,,6600900,豐原區,103,1053793.17,952,臺中市,PItemStatistics
,432,True,66000,,5,581723.14,,6602600,霧峰區,103,581723.14,432,臺中市,PItemStatistics
,490,True,66000,,6,405310,,6601100,大甲區,103,405310,490,臺中市,PItemStatistics
,140,True,66000,,6,651526,,6602200,大安區,103,651526,140,臺中市,PItemStatistics
,292,True,66000,,6,565297,,6602400,大肚區,103,565297,292,臺中市,PItemStatistics
,1062,True,66000,,6,1002530,,6602800,大里區,103,1002530,1062,臺中市,PItemStatistics
,644,True,66000,,6,459678.2,,6601800,大雅區,103,459678.2,644,臺中市,PItemStatistics
,182,True,66000,,6,195166,,6600100,中區,103,195166,182,臺中市,PItemStatistics
,1009,True,66000,,6,1124713.74,,6602700,太平區,103,1124713.74,1009,臺中市,PItemStatistics
,1426,True,66000,,6,1384792.59,,6600800,北屯區,103,1384792.59,1426,臺中市,PItemStatistics
,925,True,66000,,6,768978.76,,6600500,北區,103,768978.76,925,臺中市,PItemStatistics
,173,True,66000,,6,298886,,6602100,外埔區,103,298886,173,臺中市,PItemStatistics
,154,True,66000,,6,165608,,6602000,石岡區,103,165608,154,臺中市,PItemStatistics
,460,True,66000,,6,567693,,6601500,后里區,103,567693,460,臺中市,PItemStatistics
,1414,True,66000,,6,1885094.55,,6600600,西屯區,103,1885094.55,1414,臺中市,PItemStatistics
,745,True,66000,,6,518097.26,,6600400,西區,103,518097.26,745,臺中市,PItemStatistics
,487,True,66000,,6,666021,,6601300,沙鹿區,103,666021,487,臺中市,PItemStatistics
,192,True,66000,,6,195042,,6602900,和平區,103,195042,192,臺中市,PItemStatistics
,532,True,66000,,6,798137.23,,6600200,東區,103,798137.23,532,臺中市,PItemStatistics
,410,True,66000,,6,458149,,6601000,東勢區,103,458149,410,臺中市,PItemStatistics
,1071,True,66000,,6,1217937,,6600700,南屯區,103,1217937,1071,臺中市,PItemStatistics
,634,True,66000,,6,531842,,6600300,南區,103,531842,634,臺中市,PItemStatistics
,476,True,66000,,6,937207.93,,6602300,烏日區,103,937207.93,476,臺中市,PItemStatistics
,439,True,66000,,6,686332,,6601600,神岡區,103,686332,439,臺中市,PItemStatistics
,375,True,66000,,6,855960,,6601400,梧棲區,103,855960,375,臺中市,PItemStatistics
,681,True,66000,,6,969106,,6601200,清水區,103,969106,681,臺中市,PItemStatistics
,226,True,66000,,6,340825.37,,6601900,新社區,103,340825.37,226,臺中市,PItemStatistics
,559,True,66000,,6,442848.47,,6601700,潭子區,103,442848.47,559,臺中市,PItemStatistics
,520,True,66000,,6,859508,,6602500,龍井區,103,859508,520,臺中市,PItemStatistics
,953,True,66000,,6,1019800,,6600900,豐原區,103,1019800,953,臺中市,PItemStatistics
,436,True,66000,,6,563279.27,,6602600,霧峰區,103,563279.27,436,臺中市,PItemStatistics
,490,True,66000,,7,419264.76,,6601100,大甲區,103,419264.76,490,臺中市,PItemStatistics
,141,True,66000,,7,675192.12,,6602200,大安區,103,675192.12,141,臺中市,PItemStatistics
,296,True,66000,,7,584279.89,,6602400,大肚區,103,584279.89,296,臺中市,PItemStatistics
,1070,True,66000,,7,1039497.81,,6602800,大里區,103,1039497.81,1070,臺中市,PItemStatistics
,647,True,66000,,7,474568.3,,6601800,大雅區,103,474568.3,647,臺中市,PItemStatistics
,182,True,66000,,7,201671.25,,6600100,中區,103,201671.25,182,臺中市,PItemStatistics
,1014,True,66000,,7,1166092.85,,6602700,太平區,103,1166092.85,1014,臺中市,PItemStatistics
,1430,True,66000,,7,1428377.74,,6600800,北屯區,103,1428377.74,1430,臺中市,PItemStatistics
,926,True,66000,,7,787790.62,,6600500,北區,103,787790.62,926,臺中市,PItemStatistics
,173,True,66000,,7,168987.13,,6602100,外埔區,103,168987.13,173,臺中市,PItemStatistics
,154,True,66000,,7,171194.32,,6602000,石岡區,103,171194.32,154,臺中市,PItemStatistics
,460,True,66000,,7,586814.4,,6601500,后里區,103,586814.4,460,臺中市,PItemStatistics
,1418,True,66000,,7,1948536.49,,6600600,西屯區,103,1948536.49,1418,臺中市,PItemStatistics
,745,True,66000,,7,531585.84,,6600400,西區,103,531585.84,745,臺中市,PItemStatistics
,498,True,66000,,7,688221.64,,6601300,沙鹿區,103,688221.64,498,臺中市,PItemStatistics
,204,True,66000,,7,201907.04,,6602900,和平區,103,201907.04,204,臺中市,PItemStatistics
,532,True,66000,,7,815774.69,,6600200,東區,103,815774.69,532,臺中市,PItemStatistics
,411,True,66000,,7,474677.14,,6601000,東勢區,103,474677.14,411,臺中市,PItemStatistics
,1078,True,66000,,7,1267091.2,,6600700,南屯區,103,1267091.2,1078,臺中市,PItemStatistics
,634,True,66000,,7,547439.22,,6600300,南區,103,547439.22,634,臺中市,PItemStatistics
,481,True,66000,,7,986019.05,,6602300,烏日區,103,986019.05,481,臺中市,PItemStatistics
,440,True,66000,,7,709282.9,,6601600,神岡區,103,709282.9,440,臺中市,PItemStatistics
,378,True,66000,,7,883499.8,,6601400,梧棲區,103,883499.8,378,臺中市,PItemStatistics
,688,True,66000,,7,999819.44,,6601200,清水區,103,999819.44,688,臺中市,PItemStatistics
,226,True,66000,,7,357710.95,,6601900,新社區,103,357710.95,226,臺中市,PItemStatistics
,583,True,66000,,7,474419.45,,6601700,潭子區,103,474419.45,583,臺中市,PItemStatistics
,523,True,66000,,7,841993.81,,6602500,龍井區,103,841993.81,523,臺中市,PItemStatistics
,958,True,66000,,7,1054723.1,,6600900,豐原區,103,1054723.1,958,臺中市,PItemStatistics
,437,True,66000,,7,584777.84,,6602600,霧峰區,103,584777.84,437,臺中市,PItemStatistics
,491,True,66000,,8,419264.76,,6601100,大甲區,103,419264.76,491,臺中市,PItemStatistics
,141,True,66000,,8,675280.28,,6602200,大安區,103,675280.28,141,臺中市,PItemStatistics
,296,True,66000,,8,584337.49,,6602400,大肚區,103,584337.49,296,臺中市,PItemStatistics
,1074,True,66000,,8,1040630.61,,6602800,大里區,103,1040630.61,1074,臺中市,PItemStatistics
,650,True,66000,,8,475054.3,,6601800,大雅區,103,475054.3,650,臺中市,PItemStatistics
,183,True,66000,,8,201822.45,,6600100,中區,103,201822.45,183,臺中市,PItemStatistics
,1015,True,66000,,8,1166705.45,,6602700,太平區,103,1166705.45,1015,臺中市,PItemStatistics
,1435,True,66000,,8,1428427.58,,6600800,北屯區,103,1428427.58,1435,臺中市,PItemStatistics
,927,True,66000,,8,787885.82,,6600500,北區,103,787885.82,927,臺中市,PItemStatistics
,174,True,66000,,8,169020.73,,6602100,外埔區,103,169020.73,174,臺中市,PItemStatistics
,154,True,66000,,8,171194.32,,6602000,石岡區,103,171194.32,154,臺中市,PItemStatistics
,462,True,66000,,8,586837.2,,6601500,后里區,103,586837.2,462,臺中市,PItemStatistics
,1421,True,66000,,8,1948679.82,,6600600,西屯區,103,1948679.82,1421,臺中市,PItemStatistics
,748,True,66000,,8,531585.84,,6600400,西區,103,531585.84,748,臺中市,PItemStatistics
,504,True,66000,,8,688870.24,,6601300,沙鹿區,103,688870.24,504,臺中市,PItemStatistics
,204,True,66000,,8,201907.04,,6602900,和平區,103,201907.04,204,臺中市,PItemStatistics
,534,True,66000,,8,815900.69,,6600200,東區,103,815900.69,534,臺中市,PItemStatistics
,412,True,66000,,8,474677.14,,6601000,東勢區,103,474677.14,412,臺中市,PItemStatistics
,1085,True,66000,,8,1267167.86,,6600700,南屯區,103,1267167.86,1085,臺中市,PItemStatistics
,634,True,66000,,8,547439.22,,6600300,南區,103,547439.22,634,臺中市,PItemStatistics
,483,True,66000,,8,986067.35,,6602300,烏日區,103,986067.35,483,臺中市,PItemStatistics
,440,True,66000,,8,709331.5,,6601600,神岡區,103,709331.5,440,臺中市,PItemStatistics
,378,True,66000,,8,883499.8,,6601400,梧棲區,103,883499.8,378,臺中市,PItemStatistics
,689,True,66000,,8,1000050.44,,6601200,清水區,103,1000050.44,689,臺中市,PItemStatistics
,226,True,66000,,8,357710.95,,6601900,新社區,103,357710.95,226,臺中市,PItemStatistics
,587,True,66000,,8,475234.65,,6601700,潭子區,103,475234.65,587,臺中市,PItemStatistics
,528,True,66000,,8,842737.81,,6602500,龍井區,103,842737.81,528,臺中市,PItemStatistics
,975,True,66000,,8,1056542.6,,6600900,豐原區,103,1056542.6,975,臺中市,PItemStatistics
,443,True,66000,,8,585004.64,,6602600,霧峰區,103,585004.64,443,臺中市,PItemStatistics
,491,True,66000,,9,438863,,6601100,大甲區,103,438863,491,臺中市,PItemStatistics
,141,True,66000,,9,714424,,6602200,大安區,103,714424,141,臺中市,PItemStatistics
,300,True,66000,,9,616017.4,,6602400,大肚區,103,616017.4,300,臺中市,PItemStatistics
,1077,True,66000,,9,1091001,,6602800,大里區,103,1091001,1077,臺中市,PItemStatistics
,655,True,66000,,9,454602,,6601800,大雅區,103,454602,655,臺中市,PItemStatistics
,183,True,66000,,9,211033,,6600100,中區,103,211033,183,臺中市,PItemStatistics
,1016,True,66000,,9,1226458.5,,6602700,太平區,103,1226458.5,1016,臺中市,PItemStatistics
,1443,True,66000,,9,1509523.33,,6600800,北屯區,103,1509523.33,1443,臺中市,PItemStatistics
,932,True,66000,,9,822821.5,,6600500,北區,103,822821.5,932,臺中市,PItemStatistics
,175,True,66000,,9,179045,,6602100,外埔區,103,179045,175,臺中市,PItemStatistics
,154,True,66000,,9,180440,,6602000,石岡區,103,180440,154,臺中市,PItemStatistics
,471,True,66000,,9,616323.27,,6601500,后里區,103,616323.27,471,臺中市,PItemStatistics
,1427,True,66000,,9,2043644,,6600600,西屯區,103,2043644,1427,臺中市,PItemStatistics
,752,True,66000,,9,554152,,6600400,西區,103,554152,752,臺中市,PItemStatistics
,507,True,66000,,9,727173.6,,6601300,沙鹿區,103,727173.6,507,臺中市,PItemStatistics
,204,True,66000,,9,214333,,6602900,和平區,103,214333,204,臺中市,PItemStatistics
,534,True,66000,,9,857971,,6600200,東區,103,857971,534,臺中市,PItemStatistics
,413,True,66000,,9,499569,,6601000,東勢區,103,499569,413,臺中市,PItemStatistics
,1085,True,66000,,9,1326607,,6600700,南屯區,103,1326607,1085,臺中市,PItemStatistics
,635,True,66000,,9,575719.8,,6600300,南區,103,575719.8,635,臺中市,PItemStatistics
,483,True,66000,,9,1036292,,6602300,烏日區,103,1036292,483,臺中市,PItemStatistics
,455,True,66000,,9,743833,,6601600,神岡區,103,743833,455,臺中市,PItemStatistics
,382,True,66000,,9,929661.2,,6601400,梧棲區,103,929661.2,382,臺中市,PItemStatistics
,713,True,66000,,9,1062435.8,,6601200,清水區,103,1062435.8,713,臺中市,PItemStatistics
,230,True,66000,,9,377238,,6601900,新社區,103,377238,230,臺中市,PItemStatistics
,589,True,66000,,9,534947,,6601700,潭子區,103,534947,589,臺中市,PItemStatistics
,542,True,66000,,9,887863.4,,6602500,龍井區,103,887863.4,542,臺中市,PItemStatistics
,982,True,66000,,9,1107629.6,,6600900,豐原區,103,1107629.6,982,臺中市,PItemStatistics
,443,True,66000,,9,613904,,6602600,霧峰區,103,613904,443,臺中市,PItemStatistics
,492,True,66000,,10,453491.54,,6601100,大甲區,103,453491.54,492,臺中市,PItemStatistics
,141,True,66000,,10,738238.12,,6602200,大安區,103,738238.12,141,臺中市,PItemStatistics
,300,True,66000,,10,637019.94,,6602400,大肚區,103,637019.94,300,臺中市,PItemStatistics
,1086,True,66000,,10,1127623.6,,6602800,大里區,103,1127623.6,1086,臺中市,PItemStatistics
,655,True,66000,,10,469842.06,,6601800,大雅區,103,469842.06,655,臺中市,PItemStatistics
,183,True,66000,,10,218067.39,,6600100,中區,103,218067.39,183,臺中市,PItemStatistics
,1016,True,66000,,10,1267376.02,,6602700,太平區,103,1267376.02,1016,臺中市,PItemStatistics
,1454,True,66000,,10,1560496.72,,6600800,北屯區,103,1560496.72,1454,臺中市,PItemStatistics
,932,True,66000,,10,850426.87,,6600500,北區,103,850426.87,932,臺中市,PItemStatistics
,176,True,66000,,10,185013.14,,6602100,外埔區,103,185013.14,176,臺中市,PItemStatistics
,154,True,66000,,10,186454.62,,6602000,石岡區,103,186454.62,154,臺中市,PItemStatistics
,471,True,66000,,10,636970.3,,6601500,后里區,103,636970.3,471,臺中市,PItemStatistics
,1442,True,66000,,10,2112542.4,,6600600,西屯區,103,2112542.4,1442,臺中市,PItemStatistics
,753,True,66000,,10,572756.03,,6600400,西區,103,572756.03,753,臺中市,PItemStatistics
,509,True,66000,,10,751752.92,,6601300,沙鹿區,103,751752.92,509,臺中市,PItemStatistics
,204,True,66000,,10,221477.37,,6602900,和平區,103,221477.37,204,臺中市,PItemStatistics
,534,True,66000,,10,886569.72,,6600200,東區,103,886569.72,534,臺中市,PItemStatistics
,413,True,66000,,10,516221.22,,6601000,東勢區,103,516221.22,413,臺中市,PItemStatistics
,1094,True,66000,,10,1371320.62,,6600700,南屯區,103,1371320.62,1094,臺中市,PItemStatistics
,636,True,66000,,10,595081.95,,6600300,南區,103,595081.95,636,臺中市,PItemStatistics
,484,True,66000,,10,1070834.82,,6602300,烏日區,103,1070834.82,484,臺中市,PItemStatistics
,460,True,66000,,10,769044.3,,6601600,神岡區,103,769044.3,460,臺中市,PItemStatistics
,398,True,66000,,10,961526.77,,6601400,梧棲區,103,961526.77,398,臺中市,PItemStatistics
,715,True,66000,,10,1098533.49,,6601200,清水區,103,1098533.49,715,臺中市,PItemStatistics
,231,True,66000,,10,389812.56,,6601900,新社區,103,389812.56,231,臺中市,PItemStatistics
,589,True,66000,,10,552917.76,,6601700,潭子區,103,552917.76,589,臺中市,PItemStatistics
,542,True,66000,,10,918903.79,,6602500,龍井區,103,918903.79,542,臺中市,PItemStatistics
,995,True,66000,,10,1146344.33,,6600900,豐原區,103,1146344.33,995,臺中市,PItemStatistics
,449,True,66000,,10,634367.36,,6602600,霧峰區,103,634367.36,449,臺中市,PItemStatistics
,492,True,66000,,11,507051,,6601100,大甲區,103,507051,492,臺中市,PItemStatistics
,141,True,66000,,11,839921,,6602200,大安區,103,839921,141,臺中市,PItemStatistics
,300,True,66000,,11,717694,,6602400,大肚區,103,717694,300,臺中市,PItemStatistics
,1096,True,66000,,11,1259547.8,,6602800,大里區,103,1259547.8,1096,臺中市,PItemStatistics
,660,True,66000,,11,525769,,6601800,大雅區,103,525769,660,臺中市,PItemStatistics
,183,True,66000,,11,243705,,6600100,中區,103,243705,183,臺中市,PItemStatistics
,1026,True,66000,,11,1425063,,6602700,太平區,103,1425063,1026,臺中市,PItemStatistics
,1460,True,66000,,11,1752232,,6600800,北屯區,103,1752232,1460,臺中市,PItemStatistics
,934,True,66000,,11,955516,,6600500,北區,103,955516,934,臺中市,PItemStatistics
,176,True,66000,,11,207140,,6602100,外埔區,103,207140,176,臺中市,PItemStatistics
,154,True,66000,,11,209607,,6602000,石岡區,103,209607,154,臺中市,PItemStatistics
,483,True,66000,,11,716414,,6601500,后里區,103,716414,483,臺中市,PItemStatistics
,1443,True,66000,,11,2381339,,6600600,西屯區,103,2381339,1443,臺中市,PItemStatistics
,754,True,66000,,11,638139,,6600400,西區,103,638139,754,臺中市,PItemStatistics
,509,True,66000,,11,847380,,6601300,沙鹿區,103,847380,509,臺中市,PItemStatistics
,204,True,66000,,11,253102,,6602900,和平區,103,253102,204,臺中市,PItemStatistics
,535,True,66000,,11,1002148,,6600200,東區,103,1002148,535,臺中市,PItemStatistics
,413,True,66000,,11,582576,,6601000,東勢區,103,582576,413,臺中市,PItemStatistics
,1094,True,66000,,11,1535575,,6600700,南屯區,103,1535575,1094,臺中市,PItemStatistics
,638,True,66000,,11,665707,,6600300,南區,103,665707,638,臺中市,PItemStatistics
,484,True,66000,,11,1204313,,6602300,烏日區,103,1204313,484,臺中市,PItemStatistics
,468,True,66000,,11,855838,,6601600,神岡區,103,855838,468,臺中市,PItemStatistics
,403,True,66000,,11,1082625,,6601400,梧棲區,103,1082625,403,臺中市,PItemStatistics
,723,True,66000,,11,1238439,,6601200,清水區,103,1238439,723,臺中市,PItemStatistics
,231,True,66000,,11,441224,,6601900,新社區,103,441224,231,臺中市,PItemStatistics
,592,True,66000,,11,650039,,6601700,潭子區,103,650039,592,臺中市,PItemStatistics
,552,True,66000,,11,1037336,,6602500,龍井區,103,1037336,552,臺中市,PItemStatistics
,1008,True,66000,,11,1283360,,6600900,豐原區,103,1283360,1008,臺中市,PItemStatistics
,449,True,66000,,11,715523,,6602600,霧峰區,103,715523,449,臺中市,PItemStatistics
,492,True,66000,,12,523952.46,,6601100,大甲區,103,523952.46,492,臺中市,PItemStatistics
,141,True,66000,,12,867918.35,,6602200,大安區,103,867918.35,141,臺中市,PItemStatistics
,300,True,66000,,12,741617.05,,6602400,大肚區,103,741617.05,300,臺中市,PItemStatistics
,1092,True,66000,,12,1301282.26,,6602800,大里區,103,1301282.26,1092,臺中市,PItemStatistics
,660,True,66000,,12,543294.47,,6601800,大雅區,103,543294.47,660,臺中市,PItemStatistics
,183,True,66000,,12,251828.46,,6600100,中區,103,251828.46,183,臺中市,PItemStatistics
,1026,True,66000,,12,1472565.03,,6602700,太平區,103,1472565.03,1026,臺中市,PItemStatistics
,1460,True,66000,,12,1810638.84,,6600800,北屯區,103,1810638.84,1460,臺中市,PItemStatistics
,934,True,66000,,12,987366.27,,6600500,北區,103,987366.27,934,臺中市,PItemStatistics
,176,True,66000,,12,214044.64,,6602100,外埔區,103,214044.64,176,臺中市,PItemStatistics
,154,True,66000,,12,216593.86,,6602000,石岡區,103,216593.86,154,臺中市,PItemStatistics
,483,True,66000,,12,740294.3,,6601500,后里區,103,740294.3,483,臺中市,PItemStatistics
,1443,True,66000,,12,2460716.43,,6600600,西屯區,103,2460716.43,1443,臺中市,PItemStatistics
,754,True,66000,,12,659409.97,,6600400,西區,103,659409.97,754,臺中市,PItemStatistics
,509,True,66000,,12,875625.83,,6601300,沙鹿區,103,875625.83,509,臺中市,PItemStatistics
,204,True,66000,,12,261538.67,,6602900,和平區,103,261538.67,204,臺中市,PItemStatistics
,535,True,66000,,12,1035552.61,,6600200,東區,103,1035552.61,535,臺中市,PItemStatistics
,413,True,66000,,12,601995.1,,6601000,東勢區,103,601995.1,413,臺中市,PItemStatistics
,1094,True,66000,,12,1586760.31,,6600700,南屯區,103,1586760.31,1094,臺中市,PItemStatistics
,638,True,66000,,12,687896.89,,6600300,南區,103,687896.89,638,臺中市,PItemStatistics
,484,True,66000,,12,1244456.52,,6602300,烏日區,103,1244456.52,484,臺中市,PItemStatistics
,468,True,66000,,12,884365.73,,6601600,神岡區,103,884365.73,468,臺中市,PItemStatistics
,403,True,66000,,12,1118712.39,,6601400,梧棲區,103,1118712.39,403,臺中市,PItemStatistics
,723,True,66000,,12,1279719.79,,6601200,清水區,103,1279719.79,723,臺中市,PItemStatistics
,231,True,66000,,12,455931.41,,6601900,新社區,103,455931.41,231,臺中市,PItemStatistics
,592,True,66000,,12,671706.66,,6601700,潭子區,103,671706.66,592,臺中市,PItemStatistics
,552,True,66000,,12,1071913.58,,6602500,龍井區,103,1071913.58,552,臺中市,PItemStatistics
,1008,True,66000,,12,1326138.32,,6600900,豐原區,103,1326138.32,1008,臺中市,PItemStatistics
,449,True,66000,,12,739373.65,,6602600,霧峰區,103,739373.65,449,臺中市,PItemStatistics
,498,True,66000,,1,529547.25,,6601100,大甲區,104,529547.25,498,臺中市,PItemStatistics
,144,True,66000,,1,870957.45,,6602200,大安區,104,870957.45,144,臺中市,PItemStatistics
,326,True,66000,,1,745220.27,,6602400,大肚區,104,745220.27,326,臺中市,PItemStatistics
,1172,True,66000,,1,1337426.33,,6602800,大里區,104,1337426.33,1172,臺中市,PItemStatistics
,667,True,66000,,1,552356.97,,6601800,大雅區,104,552356.97,667,臺中市,PItemStatistics
,183,True,66000,,1,252539.14,,6600100,中區,104,252539.14,183,臺中市,PItemStatistics
,1075,True,66000,,1,1482984.11,,6602700,太平區,104,1482984.11,1075,臺中市,PItemStatistics
,1492,True,66000,,1,1816064.23,,6600800,北屯區,104,1816064.23,1492,臺中市,PItemStatistics
,946,True,66000,,1,991316.25,,6600500,北區,104,991316.25,946,臺中市,PItemStatistics
,178,True,66000,,1,213741.83,,6602100,外埔區,104,213741.83,178,臺中市,PItemStatistics
,159,True,66000,,1,237551.9,,6602000,石岡區,104,237551.9,159,臺中市,PItemStatistics
,488,True,66000,,1,743334.36,,6601500,后里區,104,743334.36,488,臺中市,PItemStatistics
,1479,True,66000,,1,2468782.12,,6600600,西屯區,104,2468782.12,1479,臺中市,PItemStatistics
,784,True,66000,,1,661915.25,,6600400,西區,104,661915.25,784,臺中市,PItemStatistics
,533,True,66000,,1,898478.73,,6601300,沙鹿區,104,898478.73,533,臺中市,PItemStatistics
,205,True,66000,,1,264437.14,,6602900,和平區,104,264437.14,205,臺中市,PItemStatistics
,537,True,66000,,1,1038264.97,,6600200,東區,104,1038264.97,537,臺中市,PItemStatistics
,419,True,66000,,1,604964.97,,6601000,東勢區,104,604964.97,419,臺中市,PItemStatistics
,1128,True,66000,,1,1598608.82,,6600700,南屯區,104,1598608.82,1128,臺中市,PItemStatistics
,638,True,66000,,1,694474.27,,6600300,南區,104,694474.27,638,臺中市,PItemStatistics
,501,True,66000,,1,1249170.34,,6602300,烏日區,104,1249170.34,501,臺中市,PItemStatistics
,476,True,66000,,1,891349.1,,6601600,神岡區,104,891349.1,476,臺中市,PItemStatistics
,428,True,66000,,1,1125601.59,,6601400,梧棲區,104,1125601.59,428,臺中市,PItemStatistics
,751,True,66000,,1,1292372.61,,6601200,清水區,104,1292372.61,751,臺中市,PItemStatistics
,236,True,66000,,1,458883.57,,6601900,新社區,104,458883.57,236,臺中市,PItemStatistics
,606,True,66000,,1,685938.19,,6601700,潭子區,104,685938.19,606,臺中市,PItemStatistics
,562,True,66000,,1,1101613.77,,6602500,龍井區,104,1101613.77,562,臺中市,PItemStatistics
,1017,True,66000,,1,1330669.77,,6600900,豐原區,104,1330669.77,1017,臺中市,PItemStatistics
,460,True,66000,,1,742797.4,,6602600,霧峰區,104,742797.4,460,臺中市,PItemStatistics
,499,True,66000,,2,478300.75,,6601100,大甲區,104,478300.75,499,臺中市,PItemStatistics
,145,True,66000,,2,786671.25,,6602200,大安區,104,786671.25,145,臺中市,PItemStatistics
,326,True,66000,,2,673102.17,,6602400,大肚區,104,673102.17,326,臺中市,PItemStatistics
,1177,True,66000,,2,1208340.97,,6602800,大里區,104,1208340.97,1177,臺中市,PItemStatistics
,669,True,66000,,2,498903.07,,6601800,大雅區,104,498903.07,669,臺中市,PItemStatistics
,183,True,66000,,2,228099.84,,6600100,中區,104,228099.84,183,臺中市,PItemStatistics
,1087,True,66000,,2,1340626.87,,6602700,太平區,104,1340626.87,1087,臺中市,PItemStatistics
,1495,True,66000,,2,1640721.36,,6600800,北屯區,104,1640721.36,1495,臺中市,PItemStatistics
,946,True,66000,,2,895711.9,,6600500,北區,104,895711.9,946,臺中市,PItemStatistics
,178,True,66000,,2,193057.13,,6602100,外埔區,104,193057.13,178,臺中市,PItemStatistics
,159,True,66000,,2,214563,,6602000,石岡區,104,214563,159,臺中市,PItemStatistics
,488,True,66000,,2,671398.76,,6601500,后里區,104,671398.76,488,臺中市,PItemStatistics
,1483,True,66000,,2,2230630.69,,6600600,西屯區,104,2230630.69,1483,臺中市,PItemStatistics
,788,True,66000,,2,598156.11,,6600400,西區,104,598156.11,788,臺中市,PItemStatistics
,533,True,66000,,2,811820.81,,6601300,沙鹿區,104,811820.81,533,臺中市,PItemStatistics
,205,True,66000,,2,238846.44,,6602900,和平區,104,238846.44,205,臺中市,PItemStatistics
,537,True,66000,,2,937920,,6600200,東區,104,937920,537,臺中市,PItemStatistics
,419,True,66000,,2,546419.97,,6601000,東勢區,104,546419.97,419,臺中市,PItemStatistics
,1141,True,66000,,2,1443977.98,,6600700,南屯區,104,1443977.98,1141,臺中市,PItemStatistics
,641,True,66000,,2,627266.97,,6600300,南區,104,627266.97,641,臺中市,PItemStatistics
,501,True,66000,,2,1128388.44,,6602300,烏日區,104,1128388.44,501,臺中市,PItemStatistics
,478,True,66000,,2,805274.1,,6601600,神岡區,104,805274.1,478,臺中市,PItemStatistics
,428,True,66000,,2,1016742.39,,6601400,梧棲區,104,1016742.39,428,臺中市,PItemStatistics
,751,True,66000,,2,1167741.73,,6601200,清水區,104,1167741.73,751,臺中市,PItemStatistics
,236,True,66000,,2,414475.47,,6601900,新社區,104,414475.47,236,臺中市,PItemStatistics
,607,True,66000,,2,619557.09,,6601700,潭子區,104,619557.09,607,臺中市,PItemStatistics
,562,True,66000,,2,995005.97,,6602500,龍井區,104,995005.97,562,臺中市,PItemStatistics
,1027,True,66000,,2,1201932.07,,6600900,豐原區,104,1201932.07,1027,臺中市,PItemStatistics
,461,True,66000,,2,671039.47,,6602600,霧峰區,104,671039.47,461,臺中市,PItemStatistics
,499,True,66000,,3,456904.95,,6601100,大甲區,104,456904.95,499,臺中市,PItemStatistics
,146,True,66000,,3,748004.2,,6602200,大安區,104,748004.2,146,臺中市,PItemStatistics
,326,True,66000,,3,642957.5,,6602400,大肚區,104,642957.5,326,臺中市,PItemStatistics
,1182,True,66000,,3,1161399.77,,6602800,大里區,104,1161399.77,1182,臺中市,PItemStatistics
,670,True,66000,,3,481188.72,,6601800,大雅區,104,481188.72,670,臺中市,PItemStatistics
,183,True,66000,,3,218816.31,,6600100,中區,104,218816.31,183,臺中市,PItemStatistics
,1090,True,66000,,3,1287059.78,,6602700,太平區,104,1287059.78,1090,臺中市,PItemStatistics
,1500,True,66000,,3,1563725.99,,6600800,北屯區,104,1563725.99,1500,臺中市,PItemStatistics
,946,True,66000,,3,862436,,6600500,北區,104,862436,946,臺中市,PItemStatistics
,178,True,66000,,3,188698.99,,6602100,外埔區,104,188698.99,178,臺中市,PItemStatistics
,161,True,66000,,3,205000.67,,6602000,石岡區,104,205000.67,161,臺中市,PItemStatistics
,488,True,66000,,3,641864.11,,6601500,后里區,104,641864.11,488,臺中市,PItemStatistics
,1495,True,66000,,3,2136661.22,,6600600,西屯區,104,2136661.22,1495,臺中市,PItemStatistics
,790,True,66000,,3,577909.07,,6600400,西區,104,577909.07,790,臺中市,PItemStatistics
,539,True,66000,,3,775918.87,,6601300,沙鹿區,104,775918.87,539,臺中市,PItemStatistics
,205,True,66000,,3,228427.55,,6602900,和平區,104,228427.55,205,臺中市,PItemStatistics
,537,True,66000,,3,894380.33,,6600200,東區,104,894380.33,537,臺中市,PItemStatistics
,420,True,66000,,3,521801.27,,6601000,東勢區,104,521801.27,420,臺中市,PItemStatistics
,1154,True,66000,,3,1385337.96,,6600700,南屯區,104,1385337.96,1154,臺中市,PItemStatistics
,646,True,66000,,3,603623.62,,6600300,南區,104,603623.62,646,臺中市,PItemStatistics
,513,True,66000,,3,1077490.23,,6602300,烏日區,104,1077490.23,513,臺中市,PItemStatistics
,486,True,66000,,3,770350.35,,6601600,神岡區,104,770350.35,486,臺中市,PItemStatistics
,429,True,66000,,3,932003.24,,6601400,梧棲區,104,932003.24,429,臺中市,PItemStatistics
,754,True,66000,,3,1114232.26,,6601200,清水區,104,1114232.26,754,臺中市,PItemStatistics
,236,True,66000,,3,390951.18,,6601900,新社區,104,390951.18,236,臺中市,PItemStatistics
,608,True,66000,,3,600218.18,,6601700,潭子區,104,600218.18,608,臺中市,PItemStatistics
,562,True,66000,,3,930344.98,,6602500,龍井區,104,930344.98,562,臺中市,PItemStatistics
,1039,True,66000,,3,1152012.71,,6600900,豐原區,104,1152012.71,1039,臺中市,PItemStatistics
,463,True,66000,,3,642510.73,,6602600,霧峰區,104,642510.73,463,臺中市,PItemStatistics
,499,True,66000,,4,442166,,6601100,大甲區,104,442166,499,臺中市,PItemStatistics
,146,True,66000,,4,723875,,6602200,大安區,104,723875,146,臺中市,PItemStatistics
,326,True,66000,,4,622217,,6602400,大肚區,104,622217,326,臺中市,PItemStatistics
,1187,True,66000,,4,1124186,,6602800,大里區,104,1124186,1187,臺中市,PItemStatistics
,671,True,66000,,4,465711,,6601800,大雅區,104,465711,671,臺中市,PItemStatistics
,183,True,66000,,4,211758,,6600100,中區,104,211758,183,臺中市,PItemStatistics
,1090,True,66000,,4,1245542,,6602700,太平區,104,1245542,1090,臺中市,PItemStatistics
,1514,True,66000,,4,1513574.63,,6600800,北屯區,104,1513574.63,1514,臺中市,PItemStatistics
,948,True,66000,,4,834672.2,,6600500,北區,104,834672.2,948,臺中市,PItemStatistics
,178,True,66000,,4,182612,,6602100,外埔區,104,182612,178,臺中市,PItemStatistics
,161,True,66000,,4,198470,,6602000,石岡區,104,198470,161,臺中市,PItemStatistics
,488,True,66000,,4,621159,,6601500,后里區,104,621159,488,臺中市,PItemStatistics
,1494,True,66000,,4,2068384.07,,6600600,西屯區,104,2068384.07,1494,臺中市,PItemStatistics
,793,True,66000,,4,559323.2,,6600400,西區,104,559323.2,793,臺中市,PItemStatistics
,539,True,66000,,4,751023,,6601300,沙鹿區,104,751023,539,臺中市,PItemStatistics
,205,True,66000,,4,221059,,6602900,和平區,104,221059,205,臺中市,PItemStatistics
,539,True,66000,,4,865566.8,,6600200,東區,104,865566.8,539,臺中市,PItemStatistics
,419,True,66000,,4,504969,,6601000,東勢區,104,504969,419,臺中市,PItemStatistics
,1155,True,66000,,4,1341112.6,,6600700,南屯區,104,1341112.6,1155,臺中市,PItemStatistics
,646,True,66000,,4,584153,,6600300,南區,104,584153,646,臺中市,PItemStatistics
,518,True,66000,,4,1044656,,6602300,烏日區,104,1044656,518,臺中市,PItemStatistics
,488,True,66000,,4,745700.07,,6601600,神岡區,104,745700.07,488,臺中市,PItemStatistics
,434,True,66000,,4,901967,,6601400,梧棲區,104,901967,434,臺中市,PItemStatistics
,755,True,66000,,4,1078420,,6601200,清水區,104,1078420,755,臺中市,PItemStatistics
,236,True,66000,,4,378340,,6601900,新社區,104,378340,236,臺中市,PItemStatistics
,611,True,66000,,4,580994.54,,6601700,潭子區,104,580994.54,611,臺中市,PItemStatistics
,563,True,66000,,4,900334,,6602500,龍井區,104,900334,563,臺中市,PItemStatistics
,1046,True,66000,,4,1115061,,6600900,豐原區,104,1115061,1046,臺中市,PItemStatistics
,464,True,66000,,4,621982,,6602600,霧峰區,104,621982,464,臺中市,PItemStatistics
,499,True,66000,,5,430428.86,,6601100,大甲區,104,430428.86,499,臺中市,PItemStatistics
,146,True,66000,,5,686181.93,,6602200,大安區,104,686181.93,146,臺中市,PItemStatistics
,326,True,66000,,5,590806.21,,6602400,大肚區,104,590806.21,326,臺中市,PItemStatistics
,1191,True,66000,,5,1073788.93,,6602800,大里區,104,1073788.93,1191,臺中市,PItemStatistics
,671,True,66000,,5,449329.51,,6601800,大雅區,104,449329.51,671,臺中市,PItemStatistics
,183,True,66000,,5,201923.38,,6600100,中區,104,201923.38,183,臺中市,PItemStatistics
,1091,True,66000,,5,1189635.04,,6602700,太平區,104,1189635.04,1091,臺中市,PItemStatistics
,1532,True,66000,,5,1446046.17,,6600800,北屯區,104,1446046.17,1532,臺中市,PItemStatistics
,950,True,66000,,5,797022.88,,6600500,北區,104,797022.88,950,臺中市,PItemStatistics
,179,True,66000,,5,175445.45,,6602100,外埔區,104,175445.45,179,臺中市,PItemStatistics
,161,True,66000,,5,188762.02,,6602000,石岡區,104,188762.02,161,臺中市,PItemStatistics
,488,True,66000,,5,590821.58,,6601500,后里區,104,590821.58,488,臺中市,PItemStatistics
,1509,True,66000,,5,1971147.9,,6600600,西屯區,104,1971147.9,1509,臺中市,PItemStatistics
,793,True,66000,,5,533722.69,,6600400,西區,104,533722.69,793,臺中市,PItemStatistics
,543,True,66000,,5,714568.58,,6601300,沙鹿區,104,714568.58,543,臺中市,PItemStatistics
,206,True,66000,,5,213511.38,,6602900,和平區,104,213511.38,206,臺中市,PItemStatistics
,543,True,66000,,5,823722.01,,6600200,東區,104,823722.01,543,臺中市,PItemStatistics
,419,True,66000,,5,482645.16,,6601000,東勢區,104,482645.16,419,臺中市,PItemStatistics
,1156,True,66000,,5,1279015.28,,6600700,南屯區,104,1279015.28,1156,臺中市,PItemStatistics
,646,True,66000,,5,559538.53,,6600300,南區,104,559538.53,646,臺中市,PItemStatistics
,521,True,66000,,5,995262.95,,6602300,烏日區,104,995262.95,521,臺中市,PItemStatistics
,489,True,66000,,5,705376.97,,6601600,神岡區,104,705376.97,489,臺中市,PItemStatistics
,437,True,66000,,5,850585.51,,6601400,梧棲區,104,850585.51,437,臺中市,PItemStatistics
,759,True,66000,,5,1025219.42,,6601200,清水區,104,1025219.42,759,臺中市,PItemStatistics
,236,True,66000,,5,357328.6,,6601900,新社區,104,357328.6,236,臺中市,PItemStatistics
,615,True,66000,,5,555665.53,,6601700,潭子區,104,555665.53,615,臺中市,PItemStatistics
,565,True,66000,,5,854658.46,,6602500,龍井區,104,854658.46,565,臺中市,PItemStatistics
,1046,True,66000,,5,1064068.68,,6600900,豐原區,104,1064068.68,1046,臺中市,PItemStatistics
,468,True,66000,,5,594186.16,,6602600,霧峰區,104,594186.16,468,臺中市,PItemStatistics
,531,True,66000,,6,419423.92,,6601100,大甲區,104,419423.92,531,臺中市,PItemStatistics
,159,True,66000,,6,664901.04,,6602200,大安區,104,664901.04,159,臺中市,PItemStatistics
,327,True,66000,,6,571748,,6602400,大肚區,104,571748,327,臺中市,PItemStatistics
,1197,True,66000,,6,1039635,,6602800,大里區,104,1039635,1197,臺中市,PItemStatistics
,672,True,66000,,6,434906.3,,6601800,大雅區,104,434906.3,672,臺中市,PItemStatistics
,183,True,66000,,6,195410,,6600100,中區,104,195410,183,臺中市,PItemStatistics
,1095,True,66000,,6,1151432.57,,6602700,太平區,104,1151432.57,1095,臺中市,PItemStatistics
,1573,True,66000,,6,1399852.07,,6600800,北屯區,104,1399852.07,1573,臺中市,PItemStatistics
,957,True,66000,,6,771314,,6600500,北區,104,771314,957,臺中市,PItemStatistics
,180,True,66000,,6,169856.3,,6602100,外埔區,104,169856.3,180,臺中市,PItemStatistics
,170,True,66000,,6,183664.63,,6602000,石岡區,104,183664.63,170,臺中市,PItemStatistics
,506,True,66000,,6,572916.93,,6601500,后里區,104,572916.93,506,臺中市,PItemStatistics
,1519,True,66000,,6,1908685.15,,6600600,西屯區,104,1908685.15,1519,臺中市,PItemStatistics
,794,True,66000,,6,516507,,6600400,西區,104,516507,794,臺中市,PItemStatistics
,547,True,66000,,6,691518,,6601300,沙鹿區,104,691518,547,臺中市,PItemStatistics
,218,True,66000,,6,207109.44,,6602900,和平區,104,207109.44,218,臺中市,PItemStatistics
,546,True,66000,,6,797151,,6600200,東區,104,797151,546,臺中市,PItemStatistics
,441,True,66000,,6,467995.83,,6601000,東勢區,104,467995.83,441,臺中市,PItemStatistics
,1173,True,66000,,6,1238382.35,,6600700,南屯區,104,1238382.35,1173,臺中市,PItemStatistics
,646,True,66000,,6,541490,,6600300,南區,104,541490,646,臺中市,PItemStatistics
,523,True,66000,,6,963229.3,,6602300,烏日區,104,963229.3,523,臺中市,PItemStatistics
,489,True,66000,,6,682623,,6601600,神岡區,104,682623,489,臺中市,PItemStatistics
,438,True,66000,,6,823433,,6601400,梧棲區,104,823433,438,臺中市,PItemStatistics
,761,True,66000,,6,992148,,6601200,清水區,104,992148,761,臺中市,PItemStatistics
,249,True,66000,,6,346218,,6601900,新社區,104,346218,249,臺中市,PItemStatistics
,615,True,66000,,6,537938,,6601700,潭子區,104,537938,615,臺中市,PItemStatistics
,566,True,66000,,6,827108.73,,6602500,龍井區,104,827108.73,566,臺中市,PItemStatistics
,1046,True,66000,,6,1029744,,6600900,豐原區,104,1029744,1046,臺中市,PItemStatistics
,472,True,66000,,6,575019,,6602600,霧峰區,104,575019,472,臺中市,PItemStatistics
,539,True,66000,,7,435524.41,,6601100,大甲區,104,435524.41,539,臺中市,PItemStatistics
,161,True,66000,,7,688922.13,,6602200,大安區,104,688922.13,161,臺中市,PItemStatistics
,328,True,66000,,7,593757.94,,6602400,大肚區,104,593757.94,328,臺中市,PItemStatistics
,1201,True,66000,,7,1075751.25,,6602800,大里區,104,1075751.25,1201,臺中市,PItemStatistics
,673,True,66000,,7,449605.41,,6601800,大雅區,104,449605.41,673,臺中市,PItemStatistics
,183,True,66000,,7,201923.38,,6600100,中區,104,201923.38,183,臺中市,PItemStatistics
,1098,True,66000,,7,1192842.51,,6602700,太平區,104,1192842.51,1098,臺中市,PItemStatistics
,1581,True,66000,,7,1445257.37,,6600800,北屯區,104,1445257.37,1581,臺中市,PItemStatistics
,958,True,66000,,7,797345.28,,6600500,北區,104,797345.28,958,臺中市,PItemStatistics
,190,True,66000,,7,177638.19,,6602100,外埔區,104,177638.19,190,臺中市,PItemStatistics
,172,True,66000,,7,190480.47,,6602000,石岡區,104,190480.47,172,臺中市,PItemStatistics
,510,True,66000,,7,590191.25,,6601500,后里區,104,590191.25,510,臺中市,PItemStatistics
,1524,True,66000,,7,1973984.1,,6600600,西屯區,104,1973984.1,1524,臺中市,PItemStatistics
,794,True,66000,,7,533845.66,,6600400,西區,104,533845.66,794,臺中市,PItemStatistics
,551,True,66000,,7,714884.84,,6601300,沙鹿區,104,714884.84,551,臺中市,PItemStatistics
,224,True,66000,,7,216372.66,,6602900,和平區,104,216372.66,224,臺中市,PItemStatistics
,548,True,66000,,7,819040.99,,6600200,東區,104,819040.99,548,臺中市,PItemStatistics
,446,True,66000,,7,488164.2,,6601000,東勢區,104,488164.2,446,臺中市,PItemStatistics
,1177,True,66000,,7,1279761.96,,6600700,南屯區,104,1279761.96,1177,臺中市,PItemStatistics
,648,True,66000,,7,559538.53,,6600300,南區,104,559538.53,648,臺中市,PItemStatistics
,523,True,66000,,7,996567.04,,6602300,烏日區,104,996567.04,523,臺中市,PItemStatistics
,492,True,66000,,7,708580.47,,6601600,神岡區,104,708580.47,492,臺中市,PItemStatistics
,439,True,66000,,7,853248.72,,6601400,梧棲區,104,853248.72,439,臺中市,PItemStatistics
,761,True,66000,,7,1026032.65,,6601200,清水區,104,1026032.65,761,臺中市,PItemStatistics
,251,True,66000,,7,357097.14,,6601900,新社區,104,357097.14,251,臺中市,PItemStatistics
,615,True,66000,,7,558424.81,,6601700,潭子區,104,558424.81,615,臺中市,PItemStatistics
,567,True,66000,,7,855656.66,,6602500,龍井區,104,855656.66,567,臺中市,PItemStatistics
,1049,True,66000,,7,1064092.68,,6600900,豐原區,104,1064092.68,1049,臺中市,PItemStatistics
,473,True,66000,,7,594557.13,,6602600,霧峰區,104,594557.13,473,臺中市,PItemStatistics
,541,True,66000,,8,435953.08,,6601100,大甲區,104,435953.08,541,臺中市,PItemStatistics
,161,True,66000,,8,688998.79,,6602200,大安區,104,688998.79,161,臺中市,PItemStatistics
,328,True,66000,,8,593835.94,,6602400,大肚區,104,593835.94,328,臺中市,PItemStatistics
,1204,True,66000,,8,1075972.58,,6602800,大里區,104,1075972.58,1204,臺中市,PItemStatistics
,673,True,66000,,8,449605.41,,6601800,大雅區,104,449605.41,673,臺中市,PItemStatistics
,184,True,66000,,8,201962.38,,6600100,中區,104,201962.38,184,臺中市,PItemStatistics
,1099,True,66000,,8,1192892.34,,6602700,太平區,104,1192892.34,1099,臺中市,PItemStatistics
,1596,True,66000,,8,1445753.65,,6600800,北屯區,104,1445753.65,1596,臺中市,PItemStatistics
,962,True,66000,,8,797384.28,,6600500,北區,104,797384.28,962,臺中市,PItemStatistics
,190,True,66000,,8,177638.19,,6602100,外埔區,104,177638.19,190,臺中市,PItemStatistics
,172,True,66000,,8,190480.47,,6602000,石岡區,104,190480.47,172,臺中市,PItemStatistics
,510,True,66000,,8,590191.25,,6601500,后里區,104,590191.25,510,臺中市,PItemStatistics
,1526,True,66000,,8,1973995.53,,6600600,西屯區,104,1973995.53,1526,臺中市,PItemStatistics
,798,True,66000,,8,533884.66,,6600400,西區,104,533884.66,798,臺中市,PItemStatistics
,553,True,66000,,8,715254.56,,6601300,沙鹿區,104,715254.56,553,臺中市,PItemStatistics
,224,True,66000,,8,216372.66,,6602900,和平區,104,216372.66,224,臺中市,PItemStatistics
,551,True,66000,,8,819079.99,,6600200,東區,104,819079.99,551,臺中市,PItemStatistics
,446,True,66000,,8,488164.2,,6601000,東勢區,104,488164.2,446,臺中市,PItemStatistics
,1184,True,66000,,8,1279961.53,,6600700,南屯區,104,1279961.53,1184,臺中市,PItemStatistics
,650,True,66000,,8,559538.53,,6600300,南區,104,559538.53,650,臺中市,PItemStatistics
,524,True,66000,,8,996609.04,,6602300,烏日區,104,996609.04,524,臺中市,PItemStatistics
,492,True,66000,,8,708700.17,,6601600,神岡區,104,708700.17,492,臺中市,PItemStatistics
,439,True,66000,,8,853334.72,,6601400,梧棲區,104,853334.72,439,臺中市,PItemStatistics
,761,True,66000,,8,1026032.65,,6601200,清水區,104,1026032.65,761,臺中市,PItemStatistics
,251,True,66000,,8,357097.14,,6601900,新社區,104,357097.14,251,臺中市,PItemStatistics
,615,True,66000,,8,558424.81,,6601700,潭子區,104,558424.81,615,臺中市,PItemStatistics
,569,True,66000,,8,855797.06,,6602500,龍井區,104,855797.06,569,臺中市,PItemStatistics
,1049,True,66000,,8,1064118.28,,6600900,豐原區,104,1064118.28,1049,臺中市,PItemStatistics
,474,True,66000,,8,594557.13,,6602600,霧峰區,104,594557.13,474,臺中市,PItemStatistics
,544,True,66000,,9,458394,,6601100,大甲區,104,458394,544,臺中市,PItemStatistics
,161,True,66000,,9,727659,,6602200,大安區,104,727659,161,臺中市,PItemStatistics
,328,True,66000,,9,625254,,6602400,大肚區,104,625254,328,臺中市,PItemStatistics
,1208,True,66000,,9,1124852.4,,6602800,大里區,104,1124852.4,1208,臺中市,PItemStatistics
,677,True,66000,,9,469215.2,,6601800,大雅區,104,469215.2,677,臺中市,PItemStatistics
,184,True,66000,,9,211165,,6600100,中區,104,211165,184,臺中市,PItemStatistics
,1100,True,66000,,9,1254681.83,,6602700,太平區,104,1254681.83,1100,臺中市,PItemStatistics
,1605,True,66000,,9,1515663.29,,6600800,北屯區,104,1515663.29,1605,臺中市,PItemStatistics
,963,True,66000,,9,834453.9,,6600500,北區,104,834453.9,963,臺中市,PItemStatistics
,190,True,66000,,9,187919,,6602100,外埔區,104,187919,190,臺中市,PItemStatistics
,172,True,66000,,9,200343,,6602000,石岡區,104,200343,172,臺中市,PItemStatistics
,511,True,66000,,9,619563,,6601500,后里區,104,619563,511,臺中市,PItemStatistics
,1534,True,66000,,9,2070944.1,,6600600,西屯區,104,2070944.1,1534,臺中市,PItemStatistics
,798,True,66000,,9,556309,,6600400,西區,104,556309,798,臺中市,PItemStatistics
,554,True,66000,,9,752023,,6601300,沙鹿區,104,752023,554,臺中市,PItemStatistics
,225,True,66000,,9,229254,,6602900,和平區,104,229254,225,臺中市,PItemStatistics
,551,True,66000,,9,860855,,6600200,東區,104,860855,551,臺中市,PItemStatistics
,447,True,66000,,9,515229,,6601000,東勢區,104,515229,447,臺中市,PItemStatistics
,1185,True,66000,,9,1353425.33,,6600700,南屯區,104,1353425.33,1185,臺中市,PItemStatistics
,650,True,66000,,9,584011,,6600300,南區,104,584011,650,臺中市,PItemStatistics
,528,True,66000,,9,1047027,,6602300,烏日區,104,1047027,528,臺中市,PItemStatistics
,494,True,66000,,9,743543.4,,6601600,神岡區,104,743543.4,494,臺中市,PItemStatistics
,441,True,66000,,9,897798,,6601400,梧棲區,104,897798,441,臺中市,PItemStatistics
,767,True,66000,,9,1078966.8,,6601200,清水區,104,1078966.8,767,臺中市,PItemStatistics
,251,True,66000,,9,379293,,6601900,新社區,104,379293,251,臺中市,PItemStatistics
,616,True,66000,,9,584041,,6601700,潭子區,104,584041,616,臺中市,PItemStatistics
,569,True,66000,,9,900443,,6602500,龍井區,104,900443,569,臺中市,PItemStatistics
,1049,True,66000,,9,1113005,,6600900,豐原區,104,1113005,1049,臺中市,PItemStatistics
,496,True,66000,,9,633722.9,,6602600,霧峰區,104,633722.9,496,臺中市,PItemStatistics
,545,True,66000,,10,473724.56,,6601100,大甲區,104,473724.56,545,臺中市,PItemStatistics
,161,True,66000,,10,751914.28,,6602200,大安區,104,751914.28,161,臺中市,PItemStatistics
,328,True,66000,,10,646095.7,,6602400,大肚區,104,646095.7,328,臺中市,PItemStatistics
,1209,True,66000,,10,1162782.86,,6602800,大里區,104,1162782.86,1209,臺中市,PItemStatistics
,677,True,66000,,10,485041.35,,6601800,大雅區,104,485041.35,677,臺中市,PItemStatistics
,184,True,66000,,10,218203.79,,6600100,中區,104,218203.79,184,臺中市,PItemStatistics
,1100,True,66000,,10,1296619.32,,6602700,太平區,104,1296619.32,1100,臺中市,PItemStatistics
,1615,True,66000,,10,1567440.56,,6600800,北屯區,104,1567440.56,1615,臺中市,PItemStatistics
,969,True,66000,,10,862806.87,,6600500,北區,104,862806.87,969,臺中市,PItemStatistics
,190,True,66000,,10,194182.94,,6602100,外埔區,104,194182.94,190,臺中市,PItemStatistics
,172,True,66000,,10,207021.04,,6602000,石岡區,104,207021.04,172,臺中市,PItemStatistics
,512,True,66000,,10,640214.95,,6601500,后里區,104,640214.95,512,臺中市,PItemStatistics
,1535,True,66000,,10,2140114.51,,6600600,西屯區,104,2140114.51,1535,臺中市,PItemStatistics
,800,True,66000,,10,574926.68,,6600400,西區,104,574926.68,800,臺中市,PItemStatistics
,555,True,66000,,10,777141.55,,6601300,沙鹿區,104,777141.55,555,臺中市,PItemStatistics
,225,True,66000,,10,236895.72,,6602900,和平區,104,236895.72,225,臺中市,PItemStatistics
,552,True,66000,,10,889661.65,,6600200,東區,104,889661.65,552,臺中市,PItemStatistics
,447,True,66000,,10,532403.22,,6601000,東勢區,104,532403.22,447,臺中市,PItemStatistics
,1208,True,66000,,10,1398645.65,,6600700,南屯區,104,1398645.65,1208,臺中市,PItemStatistics
,650,True,66000,,10,603477.71,,6600300,南區,104,603477.71,650,臺中市,PItemStatistics
,533,True,66000,,10,1082473.05,,6602300,烏日區,104,1082473.05,533,臺中市,PItemStatistics
,494,True,66000,,10,768333.76,,6601600,神岡區,104,768333.76,494,臺中市,PItemStatistics
,441,True,66000,,10,927724.49,,6601400,梧棲區,104,927724.49,441,臺中市,PItemStatistics
,768,True,66000,,10,1115952.95,,6601200,清水區,104,1115952.95,768,臺中市,PItemStatistics
,251,True,66000,,10,391936.04,,6601900,新社區,104,391936.04,251,臺中市,PItemStatistics
,616,True,66000,,10,603508.71,,6601700,潭子區,104,603508.71,616,臺中市,PItemStatistics
,569,True,66000,,10,930457.48,,6602500,龍井區,104,930457.48,569,臺中市,PItemStatistics
,1049,True,66000,,10,1150104.83,,6600900,豐原區,104,1150104.83,1049,臺中市,PItemStatistics
,497,True,66000,,10,654863.53,,6602600,霧峰區,104,654863.53,497,臺中市,PItemStatistics
,547,True,66000,,11,531833.4,,6601100,大甲區,104,531833.4,547,臺中市,PItemStatistics
,161,True,66000,,11,850122,,6602200,大安區,104,850122,161,臺中市,PItemStatistics
,328,True,66000,,11,727752,,6602400,大肚區,104,727752,328,臺中市,PItemStatistics
,1209,True,66000,,11,1299108,,6602800,大里區,104,1299108,1209,臺中市,PItemStatistics
,677,True,66000,,11,539833,,6601800,大雅區,104,539833,677,臺中市,PItemStatistics
,184,True,66000,,11,243855,,6600100,中區,104,243855,184,臺中市,PItemStatistics
,1100,True,66000,,11,1455589,,6602700,太平區,104,1455589,1100,臺中市,PItemStatistics
,1619,True,66000,,11,1748373.5,,6600800,北屯區,104,1748373.5,1619,臺中市,PItemStatistics
,969,True,66000,,11,958810,,6600500,北區,104,958810,969,臺中市,PItemStatistics
,191,True,66000,,11,221444.47,,6602100,外埔區,104,221444.47,191,臺中市,PItemStatistics
,172,True,66000,,11,232447,,6602000,石岡區,104,232447,172,臺中市,PItemStatistics
,512,True,66000,,11,725611,,6601500,后里區,104,725611,512,臺中市,PItemStatistics
,1543,True,66000,,11,2398886.5,,6600600,西屯區,104,2398886.5,1543,臺中市,PItemStatistics
,802,True,66000,,11,639667,,6600400,西區,104,639667,802,臺中市,PItemStatistics
,557,True,66000,,11,872735.5,,6601300,沙鹿區,104,872735.5,557,臺中市,PItemStatistics
,226,True,66000,,11,271238,,6602900,和平區,104,271238,226,臺中市,PItemStatistics
,552,True,66000,,11,1000064,,6600200,東區,104,1000064,552,臺中市,PItemStatistics
,447,True,66000,,11,598020,,6601000,東勢區,104,598020,447,臺中市,PItemStatistics
,1208,True,66000,,11,1564145,,6600700,南屯區,104,1564145,1208,臺中市,PItemStatistics
,650,True,66000,,11,675268,,6600300,南區,104,675268,650,臺中市,PItemStatistics
,533,True,66000,,11,1216500,,6602300,烏日區,104,1216500,533,臺中市,PItemStatistics
,494,True,66000,,11,858122,,6601600,神岡區,104,858122,494,臺中市,PItemStatistics
,442,True,66000,,11,1043244,,6601400,梧棲區,104,1043244,442,臺中市,PItemStatistics
,769,True,66000,,11,1265943,,6601200,清水區,104,1265943,769,臺中市,PItemStatistics
,251,True,66000,,11,440971,,6601900,新社區,104,440971,251,臺中市,PItemStatistics
,616,True,66000,,11,675275,,6601700,潭子區,104,675275,616,臺中市,PItemStatistics
,569,True,66000,,11,1047156,,6602500,龍井區,104,1047156,569,臺中市,PItemStatistics
,1053,True,66000,,11,1286297,,6600900,豐原區,104,1286297,1053,臺中市,PItemStatistics
,498,True,66000,,11,737436.53,,6602600,霧峰區,104,737436.53,498,臺中市,PItemStatistics
,550,True,66000,,12,549782.67,,6601100,大甲區,104,549782.67,550,臺中市,PItemStatistics
,164,True,66000,,12,878459.39,,6602200,大安區,104,878459.39,164,臺中市,PItemStatistics
,330,True,66000,,12,752074.71,,6602400,大肚區,104,752074.71,330,臺中市,PItemStatistics
,1241,True,66000,,12,1342752.19,,6602800,大里區,104,1342752.19,1241,臺中市,PItemStatistics
,678,True,66000,,12,557827.26,,6601800,大雅區,104,557827.26,678,臺中市,PItemStatistics
,184,True,66000,,12,251983.46,,6600100,中區,104,251983.46,184,臺中市,PItemStatistics
,1109,True,66000,,12,1504108.51,,6602700,太平區,104,1504108.51,1109,臺中市,PItemStatistics
,1626,True,66000,,12,1807046.29,,6600800,北屯區,104,1807046.29,1626,臺中市,PItemStatistics
,971,True,66000,,12,990770.06,,6600500,北區,104,990770.06,971,臺中市,PItemStatistics
,191,True,66000,,12,228899.84,,6602100,外埔區,104,228899.84,191,臺中市,PItemStatistics
,173,True,66000,,12,240195.19,,6602000,石岡區,104,240195.19,173,臺中市,PItemStatistics
,514,True,66000,,12,749797.88,,6601500,后里區,104,749797.88,514,臺中市,PItemStatistics
,1543,True,66000,,12,2478763.83,,6600600,西屯區,104,2478763.83,1543,臺中市,PItemStatistics
,809,True,66000,,12,661054.14,,6600400,西區,104,661054.14,809,臺中市,PItemStatistics
,558,True,66000,,12,901949.11,,6601300,沙鹿區,104,901949.11,558,臺中市,PItemStatistics
,230,True,66000,,12,280577.65,,6602900,和平區,104,280577.65,230,臺中市,PItemStatistics
,555,True,66000,,12,1033399.15,,6600200,東區,104,1033399.15,555,臺中市,PItemStatistics
,447,True,66000,,12,617953.91,,6601000,東勢區,104,617953.91,447,臺中市,PItemStatistics
,1212,True,66000,,12,1616282.61,,6600700,南屯區,104,1616282.61,1212,臺中市,PItemStatistics
,655,True,66000,,12,697776.58,,6600300,南區,104,697776.58,655,臺中市,PItemStatistics
,533,True,66000,,12,1257049.75,,6602300,烏日區,104,1257049.75,533,臺中市,PItemStatistics
,499,True,66000,,12,886773.07,,6601600,神岡區,104,886773.07,499,臺中市,PItemStatistics
,450,True,66000,,12,1078097.45,,6601400,梧棲區,104,1078097.45,450,臺中市,PItemStatistics
,772,True,66000,,12,1308140.56,,6601200,清水區,104,1308140.56,772,臺中市,PItemStatistics
,253,True,66000,,12,455669.99,,6601900,新社區,104,455669.99,253,臺中市,PItemStatistics
,618,True,66000,,12,697783.84,,6601700,潭子區,104,697783.84,618,臺中市,PItemStatistics
,572,True,66000,,12,1082060.9,,6602500,龍井區,104,1082060.9,572,臺中市,PItemStatistics
,1054,True,66000,,12,1329222.22,,6600900,豐原區,104,1329222.22,1054,臺中市,PItemStatistics
,500,True,66000,,12,762063.59,,6602600,霧峰區,104,762063.59,500,臺中市,PItemStatistics
